Number,Date,Sub-Channels,Comments,Sentiment,Sentan
0,20/02/2024,Police Clearance Certificate,Nice,Happy,4
1,20/02/2024,Police Clearance Certificate,Quick and Easy,Happy,5
2,20/02/2024,Police Clearance Certificate,All is good,Happy,5
3,20/02/2024,Police Clearance Certificate,Great,Happy,5
4,20/02/2024,Police Clearance Certificate,Always The Best,Happy,5
5,20/02/2024,Police Clearance Certificate,Easy,Happy,5
6,19/02/2024,Certificate of Loss,Great Experience,Happy,5
7,19/02/2024,Police Clearance Certificate,Thank you so much,Happy,5
8,19/02/2024,Police Clearance Certificate,Good,Happy,4
9,19/02/2024,Police Clearance Certificate,Easy and Fast,Happy,5
10,19/02/2024,Traffic clearance certificate,Thanks,Happy,5
11,19/02/2024,Police Clearance Certificate,Excellent and Easy,Happy,5
12,19/02/2024,Police Clearance Certificate,Thank you,Happy,5
13,19/02/2024,traffic status certificate,Vry Help Full,Happy,5
14,19/02/2024,Police Clearance Certificate,User Friendly,Happy,5
15,19/02/2024,Police Clearance Certificate,Thanks,Happy,5
16,19/02/2024,Traffic Accident Report-  without Injuries,Excellent,Happy,5
17,19/02/2024,Police Clearance Certificate,Easy to Accessible,Happy,5
18,19/02/2024,Police Clearance Certificate,Convenient online procese,Happy,4
19,19/02/2024,Traffic Accident Report-  without Injuries,Good,Happy,4
20,19/02/2024,Police Clearance Certificate,Hi,Happy,5
21,19/02/2024,Certificate of Loss,Great Dubai,Happy,5
22,19/02/2024,Police Clearance Certificate,Vry Fast and Efficience,Happy,5
23,19/02/2024,Police Clearance Certificate,Fast and Efficience,Happy,5
24,19/02/2024,Police Clearance Certificate,OH Shanks to God Card Was Accepted.,Neutral,5
25,19/02/2024,Police Clearance Certificate,Good,Happy,4
26,19/02/2024,Certificate of Loss,I am very happy with this service,Happy,5
27,19/02/2024,Police Clearance Certificate,No comments,Happy,1
28,19/02/2024,"Submit complaints ( labor, economic crime, electronic crime)",The playform is nice. I hop it will help me Resolve my Isu,Happy,4
29,19/02/2024,Police Clearance Certificate,I hop to recough my police CLEANCE AS SOON AS POSSIIBLE,Happy,5
30,19/02/2024,Certificate of Loss,Helpful,Happy,5
31,19/02/2024,Police Clearance Certificate,Good Service,Happy,4
32,19/02/2024,Traffic Accident Report-  without Injuries,Easy Steps and Simple. Thank you very much.,Happy,5
33,19/02/2024,night work permit,Happy,Happy,5
34,19/02/2024,Traffic Accident Report-  without Injuries,Thank you,Happy,5
35,19/02/2024,Certificate of To Whom It May Concern,Everything is easy and fast.,Happy,5
36,19/02/2024,Police Clearance Certificate,Helpful and Easy,Happy,5
37,19/02/2024,Traffic Accident Report-  without Injuries,No Remarks,Happy,1
38,19/02/2024,Certificate of Loss,Good,Happy,4
39,19/02/2024,Police Clearance Certificate,.,Neutral,3
40,19/02/2024,Police Clearance Certificate,Thank you,Happy,5
41,19/02/2024,night work permit,Good,Happy,4
42,19/02/2024,Police Clearance Certificate,Good,Happy,4
43,19/02/2024,Police Clearance Certificate,Vry Good App,Happy,4
44,19/02/2024,Certificate of Loss,Good,Happy,4
45,19/02/2024,Certificate of To Whom It May Concern,Thank you,Happy,5
46,19/02/2024,Police Clearance Certificate,A,Neutral,4
47,19/02/2024,Certificate of To Whom It May Concern,Thank U,Happy,5
48,19/02/2024,Police Clearance Certificate,Easy to use,Happy,5
49,19/02/2024,Certificate of Loss,Good,Happy,4
50,19/02/2024,Certificate of Loss,All the best for you,Happy,5
51,19/02/2024,Police Clearance Certificate,Thanks,Happy,5
52,19/02/2024,night work permit,Good,Happy,4
53,19/02/2024,Certificate of To Whom It May Concern,Thank you all,Happy,5
54,19/02/2024,Police Clearance Certificate,Amazing App,Happy,5
55,19/02/2024,night work permit,Helpful,Happy,5
56,19/02/2024,night work permit,Excellent,Happy,5
57,19/02/2024,Certificate of Loss,Thank you Dubai Police,Happy,5
58,19/02/2024,Certificate of To Whom It May Concern,IT Grate App,Happy,5
59,19/02/2024,Certificate of To Whom It May Concern,"May God extend your age, the agent is the first Amen",Happy,1
60,19/02/2024,Certificate of To Whom It May Concern,"Thank you, the agent, the first secretary for the service and assistance",Happy,5
61,19/02/2024,Police Clearance Certificate,"Friendly Staff at Police Department, Easy Online Service.",Happy,4
62,19/02/2024,Detainee Visit,Thanks,Neutral,5
63,19/02/2024,Police Clearance Certificate,Good,Happy,4
64,19/02/2024,Request for payment by instalment method of the amount of traffic violations,Thank you very much for this even,Happy,5
65,19/02/2024,Certificate of Loss,Thank you for your Smart Services,Happy,5
66,19/02/2024,Police Clearance Certificate,Thanks,Happy,5
67,19/02/2024,Police Clearance Certificate,Will Give More Feedback on the Certification is Delivered,Happy,4
68,19/02/2024,Certificate of Loss,Nice,Happy,4
69,19/02/2024,Certificate of Loss,Na,Happy,3
70,19/02/2024,Police Clearance Certificate,Good,Happy,4
71,19/02/2024,Police Clearance Certificate,"User Friendly, Fast Service",Happy,5
72,19/02/2024,Certificate of Loss,Excellent,Happy,5
73,19/02/2024,Certificate of Loss,Thanks,Happy,5
74,19/02/2024,Police Clearance Certificate,Good,Happy,4
75,19/02/2024,Certificate of To Whom It May Concern,Yes,Neutral,5
76,19/02/2024,Police Clearance Certificate,We Need It,Neutral,5
77,19/02/2024,Traffic Accident Report - Unkown Party,Great,Happy,5
78,19/02/2024,Police Clearance Certificate,Thanks,Happy,5
79,19/02/2024,Certificate of To Whom It May Concern,Good Service,Happy,4
80,19/02/2024,Certificate of To Whom It May Concern,Thank you for Nice Smart Services,Happy,5
81,19/02/2024,Police Clearance Certificate,Friendly,Neutral,4
82,19/02/2024,Certificate of To Whom It May Concern,Review Information and the Final Certificate to Avoid Mistakes,Neutral,4
83,19/02/2024,Police Clearance Certificate,Thanks,Happy,5
84,19/02/2024,Certificate of To Whom It May Concern,Nice Service,Happy,4
85,19/02/2024,night work permit,Couelfnt Add People with Mission Visa and Some of the Ids Are Not RCOGNISED.,Unhappy,3
86,19/02/2024,Police Clearance Certificate,RealLY weyk you,Happy,2
87,19/02/2024,Police Clearance Certificate,Vry Good,Happy,4
88,19/02/2024,Police Clearance Certificate,User Friendly,Happy,5
89,19/02/2024,Police Clearance Certificate,Quick Service,Happy,5
90,19/02/2024,Traffic Accident Report-  without Injuries,Vry Good,Happy,4
91,19/02/2024,Police Clearance Certificate,I love your swift Digital Application Tool. Verry Satisfactory,Happy,5
92,19/02/2024,Police Clearance Certificate,Its So Simple and Humble Process So Nice Think You,Happy,5
93,19/02/2024,Police Clearance Certificate,I just love,Happy,5
94,19/02/2024,detainee visit request,Can you Give More Second to Give A Glimpse to the Inmate Especially with Those Have Kids.,Happy,3
95,19/02/2024,Certificate of To Whom It May Concern,Thank you,Happy,5
96,19/02/2024,Police Clearance Certificate,Good Job The Website is Easy Access and User Friendly.,Happy,4
97,19/02/2024,Police Clearance Certificate,Na,Happy,3
98,18/02/2024,detainee visit request,It s Takes long time to connect on Call,Neutral,4
99,18/02/2024,Police Clearance Certificate,Thanks,Neutral,5
100,18/02/2024,Police Clearance Certificate,Thank you so much,Happy,5
101,18/02/2024,Police Clearance Certificate,Fast and Efficience,Happy,5
102,18/02/2024,Police Clearance Certificate,Good Services,Happy,4
103,18/02/2024,Certificate of Loss,No More Comment,Happy,1
104,18/02/2024,Certificate of Loss,No More Comment,Happy,1
105,18/02/2024,Police Clearance Certificate,Good,Happy,4
106,18/02/2024,Certificate of Loss,Thanks,Happy,5
107,18/02/2024,Police Clearance Certificate,Thank you all,Happy,5
108,18/02/2024,Police Clearance Certificate,Thank you,Happy,5
109,18/02/2024,Certificate of Loss,Good,Happy,4
110,18/02/2024,Police Clearance Certificate,Vry Good,Happy,4
111,18/02/2024,Police Clearance Certificate,Thank you,Happy,5
112,18/02/2024,Certificate of Loss,Thanks,Happy,5
113,18/02/2024,Police Clearance Certificate,Thank you,Happy,5
114,18/02/2024,Certificate of To Whom It May Concern,Verry Difficult to Use,Unhappy,2
115,18/02/2024,traffic status certificate,All is good,Happy,5
116,18/02/2024,Certificate of To Whom It May Concern,Perfect,Happy,5
117,18/02/2024,Traffic Accident Report-  without Injuries,Good,Happy,4
118,18/02/2024,Police Clearance Certificate,"Thank you, Dubai Police, and all the respect and appreciation.",Happy,5
119,18/02/2024,detainee visit request,IMMEDIAITW Support and Nice to Access,Happy,5
120,18/02/2024,Traffic Accident Report - Unkown Party,Vry Convenient,Happy,4
121,18/02/2024,Police Clearance Certificate,Verry Impressive,Happy,5
122,18/02/2024,Police Clearance Certificate,Nil,Happy,1
123,18/02/2024,Police Clearance Certificate,"Easy, Friendly, Well Designed to Meet the Needs",Happy,5
124,18/02/2024,Certificate of To Whom It May Concern,Ok,Happy,3
125,18/02/2024,detainee visit request,Nice App,Happy,4
126,18/02/2024,Police Clearance Certificate,Excellent Service,Happy,5
127,18/02/2024,night work permit,Good Service,Happy,4
128,18/02/2024,Police Clearance Certificate,Smooth Acessing,Happy,5
129,18/02/2024,Certificate of To Whom It May Concern,Thanks Dubai Bringing Twc,Happy,5
130,18/02/2024,night work permit,Vry Convenient,Happy,4
131,18/02/2024,Police Clearance Certificate,Happy,Happy,5
132,18/02/2024,Certificate of To Whom It May Concern,Good,Happy,4
133,18/02/2024,Police Clearance Certificate,Excellent Service,Happy,5
134,18/02/2024,Certificate of To Whom It May Concern,Everything is very clear and easy,Happy,5
135,18/02/2024,Traffic Accident Report-  without Injuries,Good,Happy,4
136,18/02/2024,Certificate of Loss,Thanks,Happy,5
137,18/02/2024,Traffic Accident Report-  without Injuries,Good Service,Happy,4
138,18/02/2024,Police Clearance Certificate,"Good, Clearancy Service",Happy,4
139,18/02/2024,Certificate of Loss,Thanks,Happy,5
140,18/02/2024,Police Clearance Certificate,Thanks,Happy,5
141,18/02/2024,Police Clearance Certificate,"Thanks Dubai Kings and Management I love dubai",Happy,5
142,18/02/2024,Certificate of To Whom It May Concern,Goovernment Is Best.,Happy,4
143,18/02/2024,Police Clearance Certificate,We DIDN T Receive otp,Unhappy,1
144,18/02/2024,Police Clearance Certificate,Appreciated the Service,Happy,4
145,18/02/2024,detainee visit request,Can I show this here in Abu Dhabi,Happy,5
146,18/02/2024,Police Clearance Certificate,Apple Pay Wold Help,Neutral,1
147,18/02/2024,Police Clearance Certificate,Keep it up,Happy,4
148,18/02/2024,Police Clearance Certificate,Vry Time Effective and User Friendly,Happy,5
149,18/02/2024,Bounced Cheque Report,It was completed,Happy,4
150,18/02/2024,Police Clearance Certificate,Fast and Easy Way to Connect as well as find what you will.,Happy,5
151,18/02/2024,Police Clearance Certificate,.,Happy,3
152,17/02/2024,Police Clearance Certificate,Highly satfied,Happy,5
153,17/02/2024,Police Clearance Certificate,IM Happy With The Service,Happy,5
154,17/02/2024,Police Clearance Certificate,Quick,Happy,5
155,17/02/2024,Police Clearance Certificate,Good Services,Happy,4
156,17/02/2024,Certificate of Loss,Excellent,Happy,5
157,17/02/2024,Police Clearance Certificate,Verry Friendly and Excellent Service,Happy,5
158,17/02/2024,Certificate of To Whom It May Concern,PLS MAKE It Detail when U Mean by request by,Neutral,4
159,17/02/2024,Certificate of To Whom It May Concern,Vry Good,Happy,4
160,17/02/2024,Certificate of Loss,5 Star,Happy,5
161,17/02/2024,Police Clearance Certificate,Good,Happy,4
162,17/02/2024,Police Clearance Certificate,Excellent,Happy,5
163,17/02/2024,Certificate of Loss,Excellent,Unhappy,5
164,17/02/2024,Police Clearance Certificate,Excellent,Happy,5
165,17/02/2024,night work permit,Great Service,Happy,5
166,17/02/2024,Certificate of To Whom It May Concern,Easy to Access The Service,Happy,5
167,17/02/2024,Police Clearance Certificate,Good,Happy,4
168,17/02/2024,Police Clearance Certificate,Dubai Goovernment Very Good and Smart Fast Service,Happy,5
169,17/02/2024,Police Clearance Certificate,Excellent,Happy,5
170,17/02/2024,Traffic Accident Report-  without Injuries,Thanks,Happy,5
171,17/02/2024,night work permit,Happy,Happy,5
172,17/02/2024,Police Clearance Certificate,Not Able to Make Payment with My Master Card.,Unhappy,1
173,17/02/2024,night work permit,Thanks,Happy,5
174,17/02/2024,Police Clearance Certificate,Thanks,Happy,5
175,17/02/2024,Police Clearance Certificate,Thank you Dubai Police for Serving Me at this Moment,Happy,5
176,17/02/2024,night work permit,Easy Excel,Happy,5
177,17/02/2024,Police Clearance Certificate,Its easy and Fast Process. Thanks,Happy,5
178,17/02/2024,Certificate of To Whom It May Concern,Vry Good Service,Happy,4
179,17/02/2024,Traffic Accident Report-  without Injuries,Thank U,Happy,5
180,17/02/2024,Certificate of To Whom It May Concern,Brilliant Service. Helpful Staff. Thank you.,Happy,5
181,17/02/2024,Police Clearance Certificate,Live you,Happy,5
182,17/02/2024,night work permit,Easy to use,Happy,5
183,17/02/2024,Certificate of Loss,Good,Happy,4
184,17/02/2024,Police Clearance Certificate,nice,Happy,4
185,17/02/2024,night work permit,Excellent Services,Happy,5
186,17/02/2024,Police Clearance Certificate,Why transaction is like this is different,Neutral,3
187,17/02/2024,Traffic Accident Report - Unkown Party,Service Very Excellent,Happy,5
188,17/02/2024,Certificate of Loss,Lost My Bad Including Laptop Charger Harddisk Wallet Eid Lessing Atm Cards 3000aed Cash Etc Please Help Me Find it Thaankyou,Happy,1
189,17/02/2024,Traffic Accident Report-  without Injuries,Thanks,Happy,5
190,17/02/2024,Police Clearance Certificate,Vry Happy,Happy,5
191,17/02/2024,Police Clearance Certificate,No sex,Happy,1
192,17/02/2024,Police Clearance Certificate,Please contact me on this number if any think as I am trying first time by myself. Before only Pro,Happy,1
193,17/02/2024,Traffic Accident Report-  without Injuries,Thank you for your efforts,Happy,5
194,17/02/2024,night work permit,Easy,Happy,5
195,17/02/2024,night work permit,Best Ever,Happy,5
196,17/02/2024,Traffic Accident Report-  without Injuries,Thanks,Happy,5
197,17/02/2024,Police Clearance Certificate,Nil,Happy,1
198,17/02/2024,Certificate of To Whom It May Concern,Vry Convenient .. Thank You,Happy,5
199,17/02/2024,Certificate of To Whom It May Concern,Fjfugugfsrhjkhj,Unhappy,1
200,17/02/2024,Police Clearance Certificate,Amazing,Happy,5
201,17/02/2024,night work permit,Good work,Happy,4
202,17/02/2024,Police Clearance Certificate,Thanks,Happy,5
203,17/02/2024,Certificate of To Whom It May Concern,Fantastic Services,Happy,5
204,17/02/2024,Certificate of To Whom It May Concern,Its good and easy to use Access.,Happy,4
205,17/02/2024,Certificate of To Whom It May Concern,"I am Happy With Overall Service But I Will Have to See the Resporese on My Quey, Since Its Only Online Claim for Damages It Was Suppose to Be Physical Checking to Verify and Access.",Happy,3
206,17/02/2024,Traffic Accident Report-  without Injuries,Good,Happy,4
207,17/02/2024,Certificate of To Whom It May Concern,Vry Good Resporese and Service Keep it up,Happy,4
208,17/02/2024,Police Clearance Certificate,Great!,Happy,5
209,17/02/2024,night work permit,Full satfied,Happy,5
210,17/02/2024,Police Clearance Certificate,Thank you,Happy,5
211,17/02/2024,Police Clearance Certificate,"Good Morning Following Up with Application Number 224020084107",Happy,4
212,17/02/2024,Police Clearance Certificate,Good,Happy,4
213,17/02/2024,Police Clearance Certificate,Great Experience,Happy,5
214,17/02/2024,Police Clearance Certificate,Good,Happy,4
215,17/02/2024,Police Clearance Certificate,"It was easy to use but my goalment keep fableling don t no. Thanks",Happy,3
216,17/02/2024,Police Clearance Certificate,I love the App and the Easy Usable,Happy,5
217,17/02/2024,Police Clearance Certificate,Thanks,Happy,5
218,17/02/2024,Police Clearance Certificate,Thank you,Happy,5
219,16/02/2024,Certificate of To Whom It May Concern,It was Good Experience,Happy,4
220,16/02/2024,night work permit,Great,Happy,5
221,16/02/2024,Police Clearance Certificate,Thanks for the service,Happy,5
222,16/02/2024,Police Clearance Certificate,Best and Fastest Service.,Happy,5
223,16/02/2024,Police Clearance Certificate,Best and Fastest Serive,Happy,5
224,16/02/2024,Certificate of To Whom It May Concern,Thank you for facilitating procedures and privacy,Happy,5
225,16/02/2024,Certificate of Loss,Good,Happy,4
226,16/02/2024,Certificate of To Whom It May Concern,Thanks,Happy,5
227,16/02/2024,night work permit,This app is great and helpful aside from easy to use,Happy,5
228,16/02/2024,Police Clearance Certificate,Thanks,Happy,5
229,16/02/2024,night work permit,Vry Easy and Convenient,Happy,5
230,16/02/2024,Police Clearance Certificate,Good Services and Very Fast,Happy,5
231,16/02/2024,Police Clearance Certificate,"Thank you, dubai!",Happy,5
232,16/02/2024,Traffic clearance certificate,"Excellent and fast service, thank you",Happy,5
233,16/02/2024,night work permit,Thank you,Happy,5
234,16/02/2024,Police Clearance Certificate,Vry Efficience and Time Saving,Happy,5
235,16/02/2024,Police Clearance Certificate,Delay Payment,Unhappy,1
236,16/02/2024,Certificate of To Whom It May Concern,Good,Happy,4
237,16/02/2024,Police Clearance Certificate,Good Experience,Happy,4
238,16/02/2024,Certificate of To Whom It May Concern,No Comments,Happy,1
239,16/02/2024,Police Clearance Certificate,nice,Happy,4
240,16/02/2024,Certificate of To Whom It May Concern,Perfect Service,Happy,5
241,16/02/2024,Police Clearance Certificate,Great,Happy,5
242,16/02/2024,Certificate of To Whom It May Concern,Good Service.,Happy,4
243,16/02/2024,night work permit,Happy,Happy,5
244,16/02/2024,Police Clearance Certificate,Thans,Happy,3
245,16/02/2024,Police Clearance Certificate,Transaction is convention and the Speed ​​of the Website,Happy,5
246,16/02/2024,Police Clearance Certificate,Great,Happy,5
247,16/02/2024,Bounced Cheque Report,Thank you,Happy,5
248,16/02/2024,detainee visit request,nothing,Happy,1
249,16/02/2024,night work permit,Thank you,Happy,5
250,16/02/2024,Police Clearance Certificate,Where is the doctor i applied for?,Neutral,1
251,16/02/2024,Police Clearance Certificate,Hopefully I Will Get My Certificate Soon.,Happy,3
252,16/02/2024,Police Clearance Certificate,Thank you,Happy,5
253,16/02/2024,Certificate of Loss,Thank you so much for more service and i will have he,Happy,5
254,16/02/2024,night work permit,Super,Happy,5
255,16/02/2024,Request To Secure Patients With Critical Health / Heart Problems,"What does the phone number only accept the home phone, I see how to return if they contact the home phone",Unhappy,1
256,16/02/2024,Police Clearance Certificate,It was great and very easy to account. Thinks also to the live support assistant who help me a lot. Happy Customer,Happy,5
257,16/02/2024,Police Clearance Certificate,Great Service,Happy,5
258,16/02/2024,Certificate of To Whom It May Concern,Good Service,Happy,4
259,16/02/2024,Police Clearance Certificate,Thanks,Happy,5
260,16/02/2024,Police Clearance Certificate,The Application Was Easy to Use,Happy,4
261,16/02/2024,Police Clearance Certificate,.,Happy,3
262,16/02/2024,night work permit,Many Times My Transaction Failed,Unhappy,1
263,16/02/2024,Traffic Accident Report-  without Injuries,Thanks,Happy,5
264,16/02/2024,Police Clearance Certificate,Good,Happy,4
265,16/02/2024,Certificate of To Whom It May Concern,Happy,Happy,5
266,16/02/2024,night work permit,Thank you very much,Happy,5
267,16/02/2024,Certificate of Loss,Vry Good,Happy,4
268,16/02/2024,Police Clearance Certificate,Verry Accessible,Happy,4
269,16/02/2024,Police Clearance Certificate,Nice Application,Happy,4
270,16/02/2024,Police Clearance Certificate,"Sun Is Shining, Sky Is Blue. I love dubai",Happy,5
271,16/02/2024,Police Clearance Certificate,User Friendly Online Access.,Happy,5
272,16/02/2024,Certificate of To Whom It May Concern,Easy to this application verge,Neutral,5
273,16/02/2024,Certificate of Loss,Vry Good,Happy,4
274,16/02/2024,Police Clearance Certificate,We LL Work Dubai Port Rashid Work Fast,Happy,5
275,16/02/2024,Certificate of To Whom It May Concern,Great Dubai,Happy,5
276,16/02/2024,Certificate of To Whom It May Concern,Great Online Service,Happy,5
277,16/02/2024,night work permit,God Biless Dubai Police,Happy,5
278,16/02/2024,Certificate of Loss,Nice,Happy,4
279,16/02/2024,Police Clearance Certificate,Thanks,Happy,5
280,16/02/2024,Police Clearance Certificate,Good Services,Happy,4
281,16/02/2024,Certificate of To Whom It May Concern,Thanks,Happy,5
282,16/02/2024,Police Clearance Certificate,Easy Access. I love dubai!,Happy,5
283,16/02/2024,Police Clearance Certificate,The Mobile Interface is not User Friendly,Unhappy,2
284,16/02/2024,Police Clearance Certificate,NC,Happy,3
285,16/02/2024,Certificate of To Whom It May Concern,May God grant you success and pay your steps,Happy,5
286,16/02/2024,Certificate of To Whom It May Concern,Mama Mia,Happy,5
287,16/02/2024,Certificate of Loss,The site needs a long time to complete the process,Unhappy,3
288,16/02/2024,Police Clearance Certificate,Think,Neutral,5
289,16/02/2024,Certificate of To Whom It May Concern,Thank you all,Happy,5
290,16/02/2024,Certificate of Loss,"Excellent speed, thank you",Happy,5
291,15/02/2024,Police Clearance Certificate,Good,Happy,4
292,15/02/2024,Police Clearance Certificate,Great Service,Happy,5
293,15/02/2024,Certificate of To Whom It May Concern,All good,Happy,5
294,15/02/2024,Police Clearance Certificate,Overall Its Easy to Access and Customer Friendly,Happy,4
295,15/02/2024,Traffic Accident Report-  without Injuries,.,Happy,3
296,15/02/2024,Police Clearance Certificate,It was a nice expression use this meteod for the first time,Happy,4
297,15/02/2024,Police Clearance Certificate,"It, s hair help full",Happy,4
298,15/02/2024,Traffic Accident Report-  without Injuries,Easy to use,Happy,5
299,15/02/2024,Certificate of To Whom It May Concern,"Fast and Easy Always Available to Help",Happy,5
300,15/02/2024,Police Clearance Certificate,Payment does not go thou,Neutral,1
301,15/02/2024,Certificate of Loss,Thanks,Happy,5
302,15/02/2024,detainee visit request,Thinks for the Clear Online Information,Happy,4
303,15/02/2024,Certificate of Loss,Good,Happy,4
304,15/02/2024,Police Clearance Certificate,Great,Happy,5
305,15/02/2024,Police Clearance Certificate,Good,Happy,4
306,15/02/2024,detainee visit request,Thanks for giving me Opportunity to meat with my couousin,Happy,5
307,15/02/2024,Police Clearance Certificate,Very Fast,Happy,2
308,15/02/2024,Certificate of To Whom It May Concern,Thanks,Happy,5
309,15/02/2024,Police Clearance Certificate,Thanks,Happy,5
310,15/02/2024,Certificate of To Whom It May Concern,Good Experience,Happy,4
311,15/02/2024,Certificate of To Whom It May Concern,Good,Happy,4
312,15/02/2024,Police Clearance Certificate,Thank you Dubai Police,Happy,5
313,15/02/2024,Certificate of To Whom It May Concern,Nice Experience,Happy,4
314,15/02/2024,Police Clearance Certificate,Useful Especially for People Needs It When Outside of the Country Like Me,Happy,4
315,15/02/2024,Certificate of To Whom It May Concern,Thanks,Happy,5
316,15/02/2024,Police Clearance Certificate,It was very convention to use the website,Happy,4
317,15/02/2024,Police Clearance Certificate,Nice,Happy,4
318,15/02/2024,Certificate of To Whom It May Concern,Think about Good Service,Happy,4
319,15/02/2024,Police Clearance Certificate,Exelente,Happy,5
320,15/02/2024,Certificate of To Whom It May Concern,Okay but map is not working on mobile,Happy,3
321,15/02/2024,Police Clearance Certificate,excellent,Happy,5
322,15/02/2024,Certificate of To Whom It May Concern,Just Amazing,Happy,5
323,15/02/2024,Police Clearance Certificate,Good Service,Happy,4
324,15/02/2024,Certificate of To Whom It May Concern,Dubai Police is always helping no matter online or physically. Thankyou Dubai Police,Happy,5
325,15/02/2024,Certificate of Loss,It very convenient,Happy,5
326,15/02/2024,Police Clearance Certificate,So Expective,Happy,3
327,15/02/2024,Police Clearance Certificate,Easy and Quick,Happy,5
328,15/02/2024,Certificate of To Whom It May Concern,Great and Fast,Happy,5
329,15/02/2024,Traffic Accident Report-  without Injuries,Vry Good Service,Happy,4
330,15/02/2024,Certificate of To Whom It May Concern,Easy to use,Happy,5
331,15/02/2024,Police Clearance Certificate,All The Best,Happy,5
332,15/02/2024,Police Clearance Certificate,Great Service,Happy,5
333,15/02/2024,Certificate of Loss,Thinks for You Smart Support Easy Access.,Happy,5
334,15/02/2024,Certificate of To Whom It May Concern,I Got Vry Good Service from Dubai Police Customer Care Personnel. This is an easy steps to obtain the center.,Happy,5
335,15/02/2024,Certificate of To Whom It May Concern,Excellent Service by Dubai Police.,Happy,5
336,15/02/2024,Certificate of To Whom It May Concern,Vry Quick,Happy,5
337,15/02/2024,Certificate of To Whom It May Concern,"Thank you, Dubai, I love you Dubai",Happy,5
338,15/02/2024,Certificate of Loss,Good Service and Ease of Use,Happy,4
339,15/02/2024,Bounced Cheque Report,May Allah reward you,Happy,5
340,15/02/2024,Police Clearance Certificate,Thanks for your excellence,Happy,5
341,15/02/2024,Police Clearance Certificate,It was verd and straightforward,Happy,3
342,15/02/2024,Certificate of Loss,Vry Nice,Happy,4
343,15/02/2024,Certificate of To Whom It May Concern,Good,Happy,4
344,15/02/2024,Request for payment by instalment method of the amount of traffic violations,Happyyyyy,Happy,5
345,15/02/2024,Certificate of To Whom It May Concern,",",Neutral,4
346,15/02/2024,Police Clearance Certificate,Thanks,Happy,5
347,15/02/2024,Traffic Accident Report-  without Injuries,.,Happy,3
348,15/02/2024,Police Clearance Certificate,Vry Nice Service,Happy,5
349,15/02/2024,Certificate of To Whom It May Concern,Wonderful Service,Happy,5
350,15/02/2024,Police Clearance Certificate,Best,Happy,5
351,15/02/2024,night work permit,Gud,Happy,5
352,15/02/2024,Certificate of To Whom It May Concern,"Verry Simple, Quick and A Great Initiative Overall",Happy,5
353,15/02/2024,Police Clearance Certificate,Thank you,Happy,5
354,15/02/2024,Traffic Accident Report-  without Injuries,Thanks,Happy,5
355,15/02/2024,Certificate of To Whom It May Concern,Verry Good application very easy to use,Happy,5
356,15/02/2024,Police Clearance Certificate,Happy,Happy,5
357,15/02/2024,Police Clearance Certificate,NicW UI.,Happy,5
358,15/02/2024,night work permit,Ease to use,Happy,4
359,15/02/2024,Police Clearance Certificate,DOES Not Work on PC Only on Mobile,Neutral,1
360,15/02/2024,Police Clearance Certificate,Good,Happy,4
361,15/02/2024,Police Clearance Certificate,Good Service,Happy,4
362,15/02/2024,Police Clearance Certificate,Thank you for make best us of technology.,Happy,5
363,15/02/2024,Certificate of To Whom It May Concern,Vry Helpful,Happy,5
364,15/02/2024,Certificate of To Whom It May Concern,User Friendly,Happy,5
365,15/02/2024,Certificate of Loss,Thanks,Happy,5
366,15/02/2024,Certificate of To Whom It May Concern,Nhu,Neutral,5
367,15/02/2024,Certificate of To Whom It May Concern,Verry simple and easy to use,Happy,5
368,15/02/2024,Traffic Accident Report-  without Injuries,Thanks,Happy,5
369,15/02/2024,Traffic Accident Report-  without Injuries,Thinks for Online Service,Happy,4
370,15/02/2024,Police Clearance Certificate,Verry Impressive,Happy,5
371,15/02/2024,Certificate of Loss,SDCFVB,Happy,3
372,15/02/2024,Police Clearance Certificate,Thanks,Neutral,5
373,15/02/2024,Police Clearance Certificate,Great,Happy,5
374,15/02/2024,Police Clearance Certificate,Friendly User Great Experience Amazing,Happy,5
375,15/02/2024,Certificate of To Whom It May Concern,Great Service,Happy,5
376,15/02/2024,night work permit,Super Convenient,Happy,5
377,15/02/2024,Certificate of To Whom It May Concern,Great Service,Happy,5
378,15/02/2024,Certificate of To Whom It May Concern,"Thank you for your services and the new service. Disaster Certificate I have a note regarding the failure to write the damage to the certificate, which causes the insurance company's refusal to not mention the damage to the certificate and the customer’s return to the police station again",Happy,1
379,15/02/2024,Certificate of To Whom It May Concern,Good,Happy,4
380,15/02/2024,Certificate of To Whom It May Concern,Twimc Certificate Didn T Show Earlier and I Applied on the Wrong Twimc Inmate for My Car Damaged in Rains,Unhappy,1
381,15/02/2024,Certificate of To Whom It May Concern,Vry Convenient,Happy,4
382,15/02/2024,Police Clearance Certificate,Vry Nice,Happy,4
383,15/02/2024,Certificate of To Whom It May Concern,Good,Happy,4
384,15/02/2024,Certificate of Loss,Easy & Fast,Happy,5
385,15/02/2024,Police Clearance Certificate,"The Application Doesnt Process That Well, Plus Ts Not Clear What We Need this for",Neutral,2
386,15/02/2024,Police Clearance Certificate,Thanks,Happy,5
387,15/02/2024,Certificate of To Whom It May Concern,Vry Great Work,Happy,5
388,15/02/2024,Certificate of To Whom It May Concern,Good,Happy,4
389,15/02/2024,Certificate of Loss,Vry Good,Happy,4
390,15/02/2024,night work permit,Good,Happy,4
391,15/02/2024,Police Clearance Certificate,Thank you,Happy,5
392,15/02/2024,Police Clearance Certificate,Good,Happy,4
393,15/02/2024,Certificate of To Whom It May Concern,Excellent,Happy,5
394,15/02/2024,Certificate of To Whom It May Concern,Mr Adel Abdula Hussein AHEAD At Bar Dubai Police Station Was Vry Helpful and Coopeature in Filling My Claim,Happy,5
395,15/02/2024,Certificate of To Whom It May Concern,Thank you Dubai Police for the Support During the Flood and Heavy Rain,Happy,5
396,15/02/2024,Certificate of To Whom It May Concern,Fast,Happy,5
397,15/02/2024,Police Clearance Certificate,Thanks,Happy,5
398,15/02/2024,night work permit,Good and Convinient,Happy,4
399,15/02/2024,Certificate of To Whom It May Concern,I love dubai police. Salute,Happy,5
400,15/02/2024,Certificate of Loss,Vry Good Facility,Happy,4
401,15/02/2024,Police Clearance Certificate,Easiest Online Service Which Can Save a Lot of Time.,Happy,5
402,15/02/2024,Police Clearance Certificate,Fast and Easy Service,Happy,5
403,15/02/2024,Certificate of To Whom It May Concern,I en,Happy,4
404,15/02/2024,Certificate of To Whom It May Concern,Vry Good,Happy,4
405,15/02/2024,Certificate of To Whom It May Concern,Thank you all,Happy,5
406,15/02/2024,Certificate of To Whom It May Concern,Thank you,Happy,5
407,15/02/2024,Certificate of Loss,Excellent,Happy,5
408,15/02/2024,Certificate of To Whom It May Concern,Vry Good Service.,Happy,4
409,15/02/2024,Police Clearance Certificate,Fast and easy to use,Happy,5
410,15/02/2024,detainee visit request,Ok,Happy,3
411,15/02/2024,Certificate of To Whom It May Concern,Keep up,Happy,1
412,15/02/2024,Traffic clearance certificate,Wonderful service,Happy,5
413,15/02/2024,Police Clearance Certificate,"It was useful and easy to use Specially on my situation, cause i M Outside of the Country",Happy,4
414,15/02/2024,Certificate of To Whom It May Concern,Was everyy to use,Happy,5
415,15/02/2024,Police Clearance Certificate,IM Happy to Response Quikly,Happy,5
416,15/02/2024,Traffic Accident Report-  without Injuries,Thanks,Happy,5
417,15/02/2024,Police Clearance Certificate,Thank you for your fest support and response always,Happy,5
418,15/02/2024,detainee visit request,Good Job,Happy,4
419,15/02/2024,Police Clearance Certificate,Great Service,Happy,5
420,15/02/2024,Certificate of To Whom It May Concern,Vry Good,Happy,4
421,15/02/2024,Certificate of Loss,Excellent Service,Happy,5
422,15/02/2024,Certificate of To Whom It May Concern,"Thank you, the Emirates government, for your efforts",Happy,5
423,15/02/2024,Certificate of To Whom It May Concern,All is good,Happy,5
424,15/02/2024,Detainee Visit,Provide Proper Guidness,Happy,4
425,15/02/2024,Police Clearance Certificate,Good,Happy,4
426,15/02/2024,Certificate of To Whom It May Concern,Easy Access & Very Convenient. Client Oriented. CongraTulactions.,Happy,5
427,14/02/2024,Certificate of To Whom It May Concern,Thanks a lot police of dubai,Happy,5
428,14/02/2024,Police Clearance Certificate,Distinguished service,Happy,5
429,14/02/2024,Police Clearance Certificate,You reacable!,Happy,5
430,14/02/2024,Police Clearance Certificate,Good Goovernment Policy,Happy,4
431,14/02/2024,Police Clearance Certificate,Thank you!,Happy,5
432,14/02/2024,Police Clearance Certificate,Thank you,Happy,5
433,14/02/2024,Police Clearance Certificate,Thanks,Happy,5
434,14/02/2024,Certificate of To Whom It May Concern,Thank you very much for Wonderful Experience,Happy,5
435,14/02/2024,Certificate of To Whom It May Concern,Thanks,Happy,5
436,14/02/2024,Police Clearance Certificate,I Still,Happy,5
437,14/02/2024,Certificate of Loss,Its Nice to Experience that,Happy,4
438,14/02/2024,Certificate of To Whom It May Concern,Good Service and Save the Valuable Time,Happy,5
439,14/02/2024,Police Clearance Certificate,Good,Happy,4
440,14/02/2024,Certificate of To Whom It May Concern,Good,Happy,4
441,14/02/2024,Certificate of To Whom It May Concern,Vry Good,Happy,4
442,14/02/2024,Certificate of To Whom It May Concern,Fast Resporese,Happy,4
443,14/02/2024,Certificate of To Whom It May Concern,Thanks for the good deal,Happy,5
444,14/02/2024,Police Clearance Certificate,We Need it iMMIDIOTELY PLS SENT SEDDEN,Neutral,5
445,14/02/2024,Police Clearance Certificate,Waiting for Speedy Result,Happy,3
446,14/02/2024,Police Clearance Certificate,Thank you,Happy,5
447,14/02/2024,Police Clearance Certificate,Good Service,Happy,4
448,14/02/2024,Police Clearance Certificate,Thanks,Happy,5
449,14/02/2024,Police Clearance Certificate,"Best Service Save the time, but it count be better if fee lesser then this. Thankyou",Happy,4
450,14/02/2024,Police Clearance Certificate,Keep it up,Happy,4
451,14/02/2024,Certificate of Loss,Good Services,Happy,4
452,14/02/2024,Certificate of To Whom It May Concern,Thanks,Happy,5
453,14/02/2024,Certificate of To Whom It May Concern,For everything we need to pay,Unhappy,5
454,14/02/2024,night work permit,Happy,Happy,5
455,14/02/2024,Certificate of To Whom It May Concern,Hi,Happy,5
456,14/02/2024,night work permit,A Little Bit Delay. But Still Good,Happy,4
457,14/02/2024,Police Clearance Certificate,Smooth Application Process. I hop i will receive,Happy,5
458,14/02/2024,Police Clearance Certificate,Good,Happy,4
459,14/02/2024,Certificate of To Whom It May Concern,Hi,Happy,5
460,14/02/2024,night work permit,GRT,Happy,5
461,14/02/2024,Certificate of To Whom It May Concern,excellent,Happy,5
462,14/02/2024,Certificate of Loss,Good,Happy,4
463,14/02/2024,Traffic Accident Report - Unkown Party,Quick Response,Happy,5
464,14/02/2024,Police Clearance Certificate,Easy Operation,Happy,5
465,14/02/2024,Traffic Accident Report-  without Injuries,Good,Happy,4
466,14/02/2024,Certificate of Loss,The Website Was Easy to Navigate.,Happy,4
467,14/02/2024,Police Clearance Certificate,Payment failed with no reasons.,Unhappy,1
468,14/02/2024,Police Clearance Certificate,Thanks,Unhappy,5
469,14/02/2024,Traffic Accident Report-  without Injuries,Thank you,Happy,5
470,14/02/2024,Police Clearance Certificate,Tank you for your Co Operation,Happy,5
471,14/02/2024,Traffic clearance certificate,Thank you,Happy,5
472,14/02/2024,night work permit,Easy Access,Happy,5
473,14/02/2024,Certificate of Loss,Good,Happy,4
474,14/02/2024,night work permit,Good,Happy,4
475,14/02/2024,night work permit,Friendlyuser,Happy,4
476,14/02/2024,Police Clearance Certificate,Thank you,Happy,5
477,14/02/2024,Police Clearance Certificate,Vry Good and Fast,Happy,5
478,14/02/2024,Police Clearance Certificate,Thanks,Happy,5
479,14/02/2024,Police Clearance Certificate,It was User Friendly,Happy,4
480,14/02/2024,Certificate of Loss,Yes,Happy,5
481,14/02/2024,night work permit,"The System Was UTERY SLOW, I TOOK Almost 3 Hours to Complete One Appaluation",Neutral,2
482,14/02/2024,Certificate of Loss,All services are perfect,Happy,5
483,14/02/2024,Certificate of To Whom It May Concern,Think Alot ... Keep up the Innovative Excellence,Happy,5
484,14/02/2024,Certificate of Loss,Keep it up,Happy,4
485,14/02/2024,Police Clearance Certificate,Good,Happy,4
486,14/02/2024,Police Clearance Certificate,Happy,Happy,5
487,14/02/2024,Traffic Accident Report - Unkown Party,It s good system,Happy,4
488,14/02/2024,Police Clearance Certificate,Vry Good Services,Happy,4
489,14/02/2024,Police Clearance Certificate,Happy,Happy,5
490,14/02/2024,Police Clearance Certificate,Vry Good Services,Happy,4
491,14/02/2024,Certificate of Loss,G,Happy,5
492,14/02/2024,night work permit,Nice,Happy,4
493,14/02/2024,Police Clearance Certificate,Takes Too Much Time and Expective,Neutral,2
494,14/02/2024,Certificate of To Whom It May Concern,Thanks,Happy,5
495,14/02/2024,detainee visit request,Reply Properly,Happy,5
496,14/02/2024,Certificate of To Whom It May Concern,Thanks,Happy,5
497,14/02/2024,Certificate of To Whom It May Concern,Thanks,Happy,5
498,14/02/2024,Certificate of Loss,No Comment,Happy,1
499,14/02/2024,Certificate of To Whom It May Concern,Good Service,Happy,4
500,14/02/2024,Certificate of To Whom It May Concern,Vry Good Service,Happy,4
501,14/02/2024,Certificate of Loss,I am so locky to be in uae,Happy,1
502,14/02/2024,Police Clearance Certificate,Easy,Happy,5
503,14/02/2024,Police Clearance Certificate,Good Service,Happy,4
504,14/02/2024,Certificate of Loss,Excellence Services,Happy,5
505,14/02/2024,Police Clearance Certificate,Amazing Online Service,Happy,5
506,14/02/2024,Certificate of To Whom It May Concern,Good Service,Happy,4
507,14/02/2024,Certificate of To Whom It May Concern,Not posible to Pay,Neutral,1
508,14/02/2024,Certificate of To Whom It May Concern,Thank you all,Happy,5
509,14/02/2024,Certificate of Loss,ok,Happy,3
510,14/02/2024,Certificate of Loss,Good Service,Happy,4
511,14/02/2024,Certificate of To Whom It May Concern,Easy and User Friendly,Happy,5
512,14/02/2024,Certificate of To Whom It May Concern,Thank you so much,Happy,5
513,14/02/2024,Certificate of To Whom It May Concern,Thank you so much,Happy,5
514,14/02/2024,Police Clearance Certificate,Thanks,Happy,5
515,14/02/2024,Traffic Accident Report-  without Injuries,Good,Happy,4
516,14/02/2024,Certificate of Loss,Excellent,Unhappy,5
517,14/02/2024,Police Clearance Certificate,Good,Happy,4
518,14/02/2024,Police Clearance Certificate,Excellent,Happy,5
519,14/02/2024,detainee visit request,Thanks,Happy,5
520,14/02/2024,Police Clearance Certificate,Happy,Happy,5
521,14/02/2024,Certificate of To Whom It May Concern,Thanks Dubai,Happy,5
522,14/02/2024,Police Clearance Certificate,It was an Awesome Experience and Easy to us,Happy,5
523,14/02/2024,Certificate of To Whom It May Concern,Well Done !!!! Thank you,Happy,5
524,14/02/2024,Certificate of Loss,Good Service,Happy,4
525,14/02/2024,Traffic Accident Report-  without Injuries,Perfect,Happy,5
526,14/02/2024,Certificate of To Whom It May Concern,All good,Happy,5
527,14/02/2024,Police Clearance Certificate,Thanks,Happy,5
528,14/02/2024,Certificate of To Whom It May Concern,It is good,Happy,4
529,14/02/2024,Certificate of To Whom It May Concern,Thank you all,Happy,5
530,14/02/2024,Certificate of Loss,None,Happy,1
531,14/02/2024,Police Clearance Certificate,.,Happy,3
532,14/02/2024,Certificate of Loss,Good,Happy,4
533,14/02/2024,Police Clearance Certificate,excellent,Happy,5
534,14/02/2024,Certificate of Loss,Good,Happy,4
535,14/02/2024,Police Clearance Certificate,Excellent Service,Happy,5
536,14/02/2024,Certificate of To Whom It May Concern,Good Service,Happy,4
537,14/02/2024,Police Clearance Certificate,The Website is very information and details are self exploration,Happy,4
538,14/02/2024,Certificate of To Whom It May Concern,Vry Good Service,Happy,4
539,14/02/2024,Police Clearance Certificate,Its easy process,Happy,4
540,14/02/2024,Certificate of Loss,The Service is Based on Smart Idea,Happy,4
541,14/02/2024,Certificate of To Whom It May Concern,A mistake on the site has been paid and this is a wrong certificate,Unhappy,1
542,14/02/2024,Certificate of To Whom It May Concern,I countn t.,Unhappy,1
543,14/02/2024,Certificate of To Whom It May Concern,Nice,Happy,4
544,14/02/2024,Certificate of To Whom It May Concern,Happy,Happy,5
545,14/02/2024,night work permit,Goood,Happy,3
546,14/02/2024,Certificate of Loss,Na,Happy,3
547,14/02/2024,Certificate of To Whom It May Concern,Thnx,Happy,5
548,14/02/2024,Certificate of To Whom It May Concern,Excellent,Happy,5
549,14/02/2024,night work permit,Excellent Service,Happy,5
550,14/02/2024,Certificate of To Whom It May Concern,Good Job,Happy,4
551,14/02/2024,Certificate of To Whom It May Concern,Best,Happy,5
552,14/02/2024,Police Clearance Certificate,All Good and Fast,Happy,5
553,14/02/2024,Certificate of To Whom It May Concern,Good,Happy,4
554,14/02/2024,Certificate of To Whom It May Concern,Easy,Happy,5
555,14/02/2024,night work permit,Happy With The Service,Happy,5
556,14/02/2024,Certificate of Loss,Easy procedures,Happy,5
557,14/02/2024,Police Clearance Certificate,Verre Easy and Modern Service,Happy,5
558,14/02/2024,Certificate of Loss,Verre Easy and Fast,Happy,5
559,14/02/2024,Certificate of To Whom It May Concern,Using Friendly and Easy Access,Happy,5
560,14/02/2024,Certificate of Loss,Thank you dubai government,Happy,5
561,14/02/2024,night work permit,Verry Easy and Good Service,Happy,5
562,14/02/2024,Certificate of To Whom It May Concern,Good,Happy,4
563,14/02/2024,Certificate of To Whom It May Concern,Good Service,Happy,4
564,14/02/2024,Certificate of To Whom It May Concern,I like to apply the report,Happy,4
565,14/02/2024,Certificate of To Whom It May Concern,Good,Happy,4
566,14/02/2024,Certificate of To Whom It May Concern,I Finally I Got it a Day after and online is,Neutral,5
567,14/02/2024,Certificate of To Whom It May Concern,Ok,Happy,3
568,14/02/2024,Certificate of To Whom It May Concern,Good,Happy,4
569,14/02/2024,Police Clearance Certificate,Excellent Service,Happy,5
570,14/02/2024,Certificate of To Whom It May Concern,Good Service,Happy,4
571,14/02/2024,Certificate of To Whom It May Concern,excellent,Happy,5
572,14/02/2024,Certificate of To Whom It May Concern,Good series,Happy,4
573,14/02/2024,Traffic Accident Report-  without Injuries,Thank you,Happy,5
574,14/02/2024,Police Clearance Certificate,More thanks,Happy,5
575,14/02/2024,Traffic Accident Report-  without Injuries,Excellent,Happy,5
576,14/02/2024,Certificate of To Whom It May Concern,"It s a great system, but unifturately I KEPT Getting An Administrator Error, Probably Due to the High Volume of Requests. IT TOK Me at Last 25 attbss and every time",Unhappy,3
577,14/02/2024,Certificate of To Whom It May Concern,Thanks Dubai Police,Happy,5
578,14/02/2024,Certificate of To Whom It May Concern,Happy,Happy,5
579,14/02/2024,Police Clearance Certificate,Vry Good,Happy,4
580,14/02/2024,Certificate of To Whom It May Concern,Good,Neutral,4
581,14/02/2024,Certificate of To Whom It May Concern,Thanks,Happy,5
582,14/02/2024,Certificate of To Whom It May Concern,OK G,Happy,3
583,14/02/2024,Certificate of To Whom It May Concern,Great and Convenient Service. I had some issues getting Saves Me A Trip to Police Station When I Have no Car Access,Happy,4
584,14/02/2024,Certificate of To Whom It May Concern,Good,Neutral,4
585,14/02/2024,Police Clearance Certificate,Thank you,Happy,5
586,14/02/2024,Traffic Accident Report-  without Injuries,Thank U,Happy,5
587,14/02/2024,Police Clearance Certificate,"Its very fast, Essay and very good",Happy,5
588,14/02/2024,Certificate of To Whom It May Concern,Good,Happy,4
589,14/02/2024,Police Clearance Certificate,Good One,Happy,4
590,14/02/2024,Certificate of Loss,Vry Good,Happy,4
591,14/02/2024,Certificate of To Whom It May Concern,Good,Happy,4
592,14/02/2024,Certificate of Loss,Thinks LOT,Happy,4
593,14/02/2024,Certificate of To Whom It May Concern,Nice,Neutral,4
594,14/02/2024,Certificate of To Whom It May Concern,Good,Happy,4
595,13/02/2024,Certificate of To Whom It May Concern,Nice,Happy,4
596,13/02/2024,Police Clearance Certificate,-,Happy,4
597,13/02/2024,Certificate of To Whom It May Concern,It s really usful Thanks,Happy,5
598,13/02/2024,Police Clearance Certificate,Excellent Most Convenient Service,Happy,5
599,13/02/2024,Certificate of To Whom It May Concern,Happy,Happy,5
600,13/02/2024,Police Clearance Certificate,Quick & Easy Transaction,Happy,5
601,13/02/2024,Certificate of To Whom It May Concern,It was a very good examination,Happy,4
602,13/02/2024,Certificate of To Whom It May Concern,So Helpfl,Happy,5
603,13/02/2024,Traffic Accident Report - Unkown Party,Thinks for the Easy and Fast Service,Happy,4
604,13/02/2024,Certificate of To Whom It May Concern,Awesome,Happy,5
605,13/02/2024,Police Clearance Certificate,Thank you for your service,Happy,5
606,13/02/2024,Certificate of To Whom It May Concern,ITS Easy to Access App.,Happy,5
607,13/02/2024,Certificate of Loss,Good,Happy,4
608,13/02/2024,Police Clearance Certificate,Great,Happy,5
609,13/02/2024,Traffic Accident Report - Unkown Party,I haad an Isue with the OTP I had been trying for hours to get the code and it wouldn t sind,Neutral,1
610,13/02/2024,night work permit,System Is Loging,Neutral,4
611,13/02/2024,Certificate of To Whom It May Concern,This is God Aap,Happy,5
612,13/02/2024,Certificate of To Whom It May Concern,Good Service,Happy,4
613,13/02/2024,Certificate of To Whom It May Concern,Excellent,Neutral,5
614,13/02/2024,Certificate of To Whom It May Concern,Thank you for your distinguished services,Happy,5
615,13/02/2024,Certificate of To Whom It May Concern,Well done,Happy,5
616,13/02/2024,Police Clearance Certificate,ok,Happy,3
617,13/02/2024,Certificate of To Whom It May Concern,I love the service,Happy,5
618,13/02/2024,detainee visit request,Easy Submit,Happy,5
619,13/02/2024,Certificate of To Whom It May Concern,Good Service,Happy,4
620,13/02/2024,Certificate of To Whom It May Concern,Helpful Staff on Customer Service Team.,Happy,5
621,13/02/2024,Certificate of To Whom It May Concern,Thanks,Happy,5
622,13/02/2024,Certificate of To Whom It May Concern,Its good service,Happy,4
623,13/02/2024,Traffic Accident Report-  without Injuries,Easy to Operate,Happy,5
624,13/02/2024,Certificate of To Whom It May Concern,Vry Helpful,Happy,5
625,13/02/2024,Certificate of To Whom It May Concern,Good,Happy,4
626,13/02/2024,Certificate of To Whom It May Concern,Good to us,Happy,4
627,13/02/2024,Police Clearance Certificate,"Need Clarify Application Form Better.
Only by Chance it Came Up. Is it a delay?",Happy,2
628,13/02/2024,Police Clearance Certificate,Thank you all,Happy,5
629,13/02/2024,Police Clearance Certificate,ok,Happy,3
630,13/02/2024,Certificate of To Whom It May Concern,All Ways Well,Happy,5
631,13/02/2024,Certificate of To Whom It May Concern,Excellent,Neutral,5
632,13/02/2024,Police Clearance Certificate,Thanks,Happy,5
633,13/02/2024,Certificate of To Whom It May Concern,I countn t. Finally it works,Neutral,5
634,13/02/2024,Traffic Accident Report-  without Injuries,Thank you,Happy,5
635,13/02/2024,Certificate of To Whom It May Concern,Good Features,Happy,4
636,13/02/2024,Police Clearance Certificate,Satisfy,Happy,4
637,13/02/2024,Certificate of Loss,No hassle Going to police station,Happy,5
638,13/02/2024,Certificate of To Whom It May Concern,"I could Not Complete The Process on My Mobile. After 5 failed attempts, I had to do so on a compute.",Neutral,2
639,13/02/2024,Certificate of Loss,Vry Good Friendly,Happy,4
640,13/02/2024,Certificate of To Whom It May Concern,Done Good,Happy,4
641,13/02/2024,Police Clearance Certificate,Thanks,Happy,5
642,13/02/2024,Certificate of To Whom It May Concern,Dubai Police is awesome as Always,Happy,5
643,13/02/2024,Certificate of To Whom It May Concern,Thanks,Happy,5
644,13/02/2024,Certificate of To Whom It May Concern,DHDJD,Happy,3
645,13/02/2024,Certificate of Loss,Thanks,Happy,5
646,13/02/2024,Police Clearance Certificate,Excellent Dubai Police,Happy,5
647,13/02/2024,Police Clearance Certificate,ThX,Neutral,5
648,13/02/2024,Certificate of To Whom It May Concern,Paid,Unhappy,5
649,13/02/2024,Police Clearance Certificate,Thank you so much.,Neutral,5
650,13/02/2024,Certificate of Loss,Happy,Happy,5
651,13/02/2024,Detainee Visit,Good,Happy,4
652,13/02/2024,Certificate of To Whom It May Concern,V nice,Happy,5
653,13/02/2024,Certificate of Loss,It was informative and easy to use,Happy,4
654,13/02/2024,night work permit,Good,Happy,4
655,13/02/2024,Certificate of To Whom It May Concern,It was very easy to accurate. Thanks,Happy,5
656,13/02/2024,Traffic Accident Report - Unkown Party,Thanks,Happy,5
657,13/02/2024,Certificate of To Whom It May Concern,Finding Location Manually Is Very Difficult,Unhappy,2
658,13/02/2024,night work permit,Good,Happy,4
659,13/02/2024,Certificate of To Whom It May Concern,Thanks,Happy,5
660,13/02/2024,Certificate of To Whom It May Concern,Thanks,Happy,5
661,13/02/2024,Certificate of To Whom It May Concern,Thanks,Happy,5
662,13/02/2024,Bounced Cheque Report,Ok,Happy,3
663,13/02/2024,detainee visit request,Dubai Police Always Great,Happy,5
664,13/02/2024,Certificate of To Whom It May Concern,Good Services Thanks,Happy,5
665,13/02/2024,Certificate of To Whom It May Concern,It was an easy experience,Happy,4
666,13/02/2024,Police Clearance Certificate,Thanks,Happy,5
667,13/02/2024,Police Clearance Certificate,Good,Happy,4
668,13/02/2024,Certificate of To Whom It May Concern,Great Service,Happy,5
669,13/02/2024,Police Clearance Certificate,"At the Payment page, please provide the Option to review the detail which has been filled to verify. Thank you.",Neutral,5
670,13/02/2024,Certificate of To Whom It May Concern,Please Give Me Report As Soon As Possible,Happy,3
671,13/02/2024,Certificate of To Whom It May Concern,Thanks Dubai Police,Happy,5
672,13/02/2024,Police Clearance Certificate,Excellent Services AS Ussual,Happy,5
673,13/02/2024,Certificate of To Whom It May Concern,Thank you very much,Happy,5
674,13/02/2024,Police Clearance Certificate,Easy to apply,Happy,5
675,13/02/2024,Certificate of Loss,Please accelerate the issuance of a certificate of loss,Happy,1
676,13/02/2024,detainee visit request,Good,Happy,4
677,13/02/2024,Certificate of To Whom It May Concern,Payment,Neutral,4
678,13/02/2024,Certificate of To Whom It May Concern,Thanks,Happy,5
679,13/02/2024,Certificate of To Whom It May Concern,App Consently Didn T Work ... No Police to Come to Incident Site ...,Unhappy,1
680,13/02/2024,Certificate of To Whom It May Concern,I,Neutral,5
681,13/02/2024,Certificate of Loss,Good,Happy,4
682,13/02/2024,Certificate of To Whom It May Concern,Nice,Happy,4
683,13/02/2024,Certificate of To Whom It May Concern,Good Experience,Happy,4
684,13/02/2024,Police Clearance Certificate,Good Service. And please monate How Many Day it will Take?!,Happy,4
685,13/02/2024,Certificate of To Whom It May Concern,After,Happy,3
686,13/02/2024,Certificate of Loss,Thank you,Happy,5
687,13/02/2024,Certificate of Loss,HSPP,Happy,5
688,13/02/2024,Traffic Accident Report-  without Injuries,Satisfied,Happy,4
689,13/02/2024,Certificate of To Whom It May Concern,Good Job Very Nice,Happy,5
690,13/02/2024,Certificate of To Whom It May Concern,Ease to get access,Happy,4
691,13/02/2024,Traffic Accident Report-  without Injuries,App is not User Friendly,Unhappy,1
692,13/02/2024,Certificate of To Whom It May Concern,All good,Happy,5
693,13/02/2024,Certificate of Loss,Nice Service,Happy,4
694,13/02/2024,night work permit,Happy,Happy,5
695,13/02/2024,night work permit,Friendly user,Happy,4
696,13/02/2024,Certificate of To Whom It May Concern,Easy Access and Clear Information,Happy,5
697,13/02/2024,Certificate of Loss,Gh,Happy,3
698,13/02/2024,Police Clearance Certificate,excellent,Happy,5
699,13/02/2024,Certificate of To Whom It May Concern,Nice Sarvies Help Staff,Happy,4
700,13/02/2024,Police Clearance Certificate,Great Service,Happy,5
701,13/02/2024,Certificate of To Whom It May Concern,"I have a probem when applying twimc center, Call The Call Center and They Are IMMEDITELY GIVING US A Solution and It Worked Perfectly.",Happy,5
702,13/02/2024,Police Clearance Certificate,Great,Happy,5
703,13/02/2024,Certificate of To Whom It May Concern,Thanks,Happy,5
704,13/02/2024,Certificate of Loss,Good Fast Service,Happy,4
705,13/02/2024,Police Clearance Certificate,Vry Good,Happy,4
706,13/02/2024,Certificate of To Whom It May Concern,Thank you so much.,Happy,5
707,13/02/2024,Certificate of To Whom It May Concern,Vry Nice,Happy,4
708,13/02/2024,Certificate of To Whom It May Concern,Dubai is the Best City in the World. Digitally Advanced!,Happy,5
709,13/02/2024,Certificate of To Whom It May Concern,Good Service for Public in Such Situations,Happy,4
710,13/02/2024,Police Clearance Certificate,Great Service,Happy,5
711,13/02/2024,Certificate of To Whom It May Concern,Vry Helpful and Time Saver.,Happy,5
712,13/02/2024,Certificate of To Whom It May Concern,Thanks,Happy,5
713,13/02/2024,night work permit,Good,Happy,4
714,13/02/2024,Certificate of Loss,Good,Happy,4
715,13/02/2024,Certificate of To Whom It May Concern,Good,Happy,4
716,13/02/2024,Certificate of To Whom It May Concern,Good Service,Happy,4
717,13/02/2024,Certificate of To Whom It May Concern,Love You Dubai Police,Happy,5
718,13/02/2024,Certificate of Loss,Thanks for the fast operations,Happy,5
719,13/02/2024,Certificate of To Whom It May Concern,Thinks for Kind Support,Happy,4
720,13/02/2024,Certificate of To Whom It May Concern,Good Service,Happy,4
721,13/02/2024,Bounced Cheque Report,Excellent service I wish you more progress,Happy,5
722,13/02/2024,Certificate of To Whom It May Concern,Thank you,Happy,5
723,13/02/2024,Certificate of To Whom It May Concern,Good,Happy,4
724,13/02/2024,Certificate of To Whom It May Concern,Easy Access,Happy,5
725,13/02/2024,Certificate of To Whom It May Concern,Excellent,Happy,5
726,13/02/2024,Certificate of To Whom It May Concern,Dubai Police is the best in the world,Happy,5
727,13/02/2024,Certificate of To Whom It May Concern,Vry Helpful App,Happy,5
728,13/02/2024,Police Clearance Certificate,Good,Happy,4
729,13/02/2024,Certificate of Loss,Fast,Happy,5
730,13/02/2024,Certificate of Loss,Best,Happy,5
731,13/02/2024,Certificate of Loss,Thinks for the Support,Happy,4
732,13/02/2024,Certificate of To Whom It May Concern,Vry Fadtandquick,Happy,1
733,13/02/2024,Certificate of To Whom It May Concern,Dubai Police Zenda Bad,Happy,1
734,13/02/2024,Certificate of Loss,Vry Good,Happy,4
735,13/02/2024,Certificate of To Whom It May Concern,Thanks,Happy,5
736,13/02/2024,Certificate of To Whom It May Concern,Gratefully,Happy,5
737,13/02/2024,night work permit,Good,Happy,4
738,13/02/2024,Traffic Accident Report-  without Injuries,Good Experience,Happy,4
739,13/02/2024,Certificate of To Whom It May Concern,Overall Excellent Services,Happy,5
740,13/02/2024,Certificate of To Whom It May Concern,HJ,Happy,5
741,13/02/2024,Certificate of Loss,Good Service,Happy,4
742,13/02/2024,Certificate of Loss,Good,Happy,4
743,13/02/2024,Certificate of To Whom It May Concern,This is the second time that I request a certificate,Unhappy,1
744,13/02/2024,Police Clearance Certificate,Great,Happy,5
745,13/02/2024,Certificate of To Whom It May Concern,I M Very Impressed Very Easy for everyone,Happy,5
746,13/02/2024,Certificate of To Whom It May Concern,Good,Happy,4
747,13/02/2024,Certificate of To Whom It May Concern,.,Happy,3
748,13/02/2024,Police Clearance Certificate,"Happy With The Service, Vry Convenience.",Happy,5
749,13/02/2024,Certificate of To Whom It May Concern,Thank you,Happy,5
750,13/02/2024,Police Clearance Certificate,I am Happy With The Services and Assistance Provided.,Happy,5
751,13/02/2024,Certificate of To Whom It May Concern,Thank you for helping me in my defficult Time.,Happy,5
752,13/02/2024,Police Clearance Certificate,Excellent Service,Happy,5
753,13/02/2024,Certificate of To Whom It May Concern,Thank you Dubai Police,Happy,5
754,13/02/2024,Certificate of To Whom It May Concern,Good Service,Happy,4
755,13/02/2024,Certificate of Loss,Nice,Happy,4
756,13/02/2024,night work permit,Vry Good Online Portal,Happy,4
757,13/02/2024,Certificate of To Whom It May Concern,Excellent Service and Easy to Use.,Happy,5
758,13/02/2024,Police Clearance Certificate,Thank you,Neutral,5
759,13/02/2024,Certificate of To Whom It May Concern,Good,Happy,4
760,13/02/2024,Certificate of To Whom It May Concern,Thanks,Happy,5
761,13/02/2024,Certificate of To Whom It May Concern,I try 3 times on the website from my laptop and it said there was an atrror and asked me to restart. Finally I Was Able to Do it only from My Phone Throw The App,Neutral,1
762,13/02/2024,Certificate of To Whom It May Concern,Thanks Dubai Police,Happy,5
763,13/02/2024,Police Clearance Certificate,The Online Service is Expedient and Vry Efficience.,Happy,5
764,13/02/2024,Certificate of To Whom It May Concern,Easy to use and creatar,Happy,5
765,13/02/2024,Certificate of To Whom It May Concern,Thank you Dubai Police,Happy,5
766,13/02/2024,Certificate of To Whom It May Concern,Thnks,Happy,3
767,13/02/2024,Certificate of To Whom It May Concern,Great,Happy,5
768,13/02/2024,Certificate of To Whom It May Concern,Ease of use.,Happy,4
769,13/02/2024,Police Clearance Certificate,Good,Happy,4
770,13/02/2024,Certificate of To Whom It May Concern,Why Take Money,Neutral,1
771,13/02/2024,Certificate of To Whom It May Concern,No 1 Police in the World,Happy,1
772,13/02/2024,Certificate of Loss,Thanks,Happy,5
773,13/02/2024,Certificate of To Whom It May Concern,"I am proud that I reside in the United Arab Emirates Thank you very much for your good efforts",Happy,5
774,13/02/2024,Police Clearance Certificate,Better Service Think You Dxb,Happy,3
775,13/02/2024,Certificate of Loss,.,Happy,3
776,13/02/2024,Certificate of To Whom It May Concern,Dubai Police Dubai Goovernment Are Real Helpful for ThERE CUSTOMERS,Happy,5
777,13/02/2024,Police Clearance Certificate,Thank you for the easy and fast account to my pcc request.,Happy,5
778,13/02/2024,Certificate of To Whom It May Concern,Location Map Hard to Navigate The Should Be a Search Option,Neutral,3
779,13/02/2024,Certificate of To Whom It May Concern,Thanks for the electronic services that contribute to saving time and effort,Happy,5
780,13/02/2024,Certificate of To Whom It May Concern,Excellent Customer Service,Happy,5
781,13/02/2024,Certificate of To Whom It May Concern,Vry Good App. Dubai Police the Best in the World,Happy,5
782,13/02/2024,Certificate of To Whom It May Concern,Nice Service,Happy,4
783,13/02/2024,Police Clearance Certificate,"I think its a great service .. Really Responsive and Fast, Hassan Free.",Happy,5
784,13/02/2024,Certificate of To Whom It May Concern,App is Great! Please add option to address,Happy,5
785,13/02/2024,Certificate of To Whom It May Concern,Good,Happy,4
786,13/02/2024,Certificate of To Whom It May Concern,Thanks Dubai Police,Happy,5
787,13/02/2024,Certificate of To Whom It May Concern,Thanks,Happy,5
788,13/02/2024,Police Clearance Certificate,Thank you so much,Happy,5
789,13/02/2024,Police Clearance Certificate,Vry Good Service,Happy,4
790,13/02/2024,Certificate of To Whom It May Concern,Vry Nyc and Easy to Access,Happy,5
791,13/02/2024,Certificate of To Whom It May Concern,Well Well Designed App,Happy,5
792,13/02/2024,Certificate of To Whom It May Concern,Vry Help Full,Happy,5
793,13/02/2024,Certificate of Loss,Good,Happy,4
794,13/02/2024,Certificate of Loss,Ok,Happy,3
795,13/02/2024,Certificate of Loss,Thank you so much,Happy,5
796,13/02/2024,Certificate of Loss,Good,Happy,4
797,13/02/2024,Police Clearance Certificate,IT More Convenient Since I M Outside Dubai. Hope I can get it easily as well.,Happy,4
798,13/02/2024,Police Clearance Certificate,nice,Happy,4
799,12/02/2024,Certificate of To Whom It May Concern,Thank you,Happy,5
800,12/02/2024,Certificate of To Whom It May Concern,Thank you for make dubai smart,Happy,5
801,12/02/2024,Certificate of To Whom It May Concern,Loveing ​​Service,Happy,5
802,12/02/2024,Certificate of To Whom It May Concern,Thank you,Happy,5
803,12/02/2024,Police Clearance Certificate,Good,Happy,4
804,12/02/2024,Certificate of To Whom It May Concern,Vry Easy,Happy,5
805,12/02/2024,Certificate of To Whom It May Concern,It was really Helpful and Most Importantly Save a Lot of Time,Happy,5
806,12/02/2024,Certificate of To Whom It May Concern,Ok,Neutral,3
807,12/02/2024,Certificate of To Whom It May Concern,More Power and Good Job,Happy,5
808,12/02/2024,Certificate of To Whom It May Concern,Thanks Dubai Police,Happy,5
809,12/02/2024,Certificate of To Whom It May Concern,I am sorry but this service? This is absolutly unacceptable !!!,Unhappy,1
810,12/02/2024,Certificate of To Whom It May Concern,Thank you,Happy,5
811,12/02/2024,Bounced Cheque Report,easy,Happy,5
812,12/02/2024,Certificate of Loss,Good,Happy,4
813,12/02/2024,detainee visit request,Emo,Unhappy,4
814,12/02/2024,Certificate of To Whom It May Concern,The page wipes the data if you go back,Unhappy,1
815,12/02/2024,Certificate of Loss,Good,Happy,4
816,12/02/2024,Certificate of To Whom It May Concern,Thanks,Happy,5
817,12/02/2024,Police Clearance Certificate,Further progress,Happy,4
818,12/02/2024,Police Clearance Certificate,May you be stuck,Happy,3
819,12/02/2024,Certificate of To Whom It May Concern,Vry Helpfull and SetisFied. Thank you.,Happy,5
820,12/02/2024,Certificate of To Whom It May Concern,"We thank you for the ease of transactions and their speed, and we wish you more excellence and leadership",Happy,5
821,12/02/2024,Certificate of To Whom It May Concern,Thanks,Happy,5
822,12/02/2024,Certificate of To Whom It May Concern,Vry every to use,Happy,5
823,12/02/2024,Certificate of To Whom It May Concern,na,Happy,3
824,12/02/2024,Certificate of To Whom It May Concern,It s very Good Think You,Happy,4
825,12/02/2024,Certificate of To Whom It May Concern,It s good,Happy,4
826,12/02/2024,Certificate of To Whom It May Concern,It s good,Happy,4
827,12/02/2024,Certificate of Loss,Ok,Happy,3
828,12/02/2024,Police Clearance Certificate,Vry Good Thanks,Happy,4
829,12/02/2024,Certificate of To Whom It May Concern,Alhumdulilah Dubai Police is Best and Super Great,Happy,5
830,12/02/2024,Certificate of To Whom It May Concern,It s hair fantastic,Happy,5
831,12/02/2024,Certificate of To Whom It May Concern,Excellent and distinguished as usual,Happy,5
832,12/02/2024,Certificate of To Whom It May Concern,Thank you,Happy,5
833,12/02/2024,Certificate of To Whom It May Concern,Amazing Service!,Happy,5
834,12/02/2024,Certificate of To Whom It May Concern,"Thanks for Such amazing and User Friendly Accessible Service All The Best and Keep up.",Happy,5
835,12/02/2024,Certificate of To Whom It May Concern,excellent,Happy,5
836,12/02/2024,"Submit complaints ( labor, economic crime, electronic crime)","I hant My Labour Card Cancellation I am Going My Home",Happy,1
837,12/02/2024,Certificate of Loss,Ok,Happy,3
838,12/02/2024,Police Clearance Certificate,I was attached to smoothly when I call to ask for information Clarity by the Officeer,Happy,4
839,12/02/2024,Police Clearance Certificate,Excellent Service,Happy,5
840,12/02/2024,Certificate of Loss,Good Job,Happy,4
841,12/02/2024,Certificate of To Whom It May Concern,Luv it,Happy,5
842,12/02/2024,Police Clearance Certificate,Happy,Happy,5
843,12/02/2024,Police Clearance Certificate,excellent,Happy,5
844,12/02/2024,Certificate of To Whom It May Concern,It s my first time Experience Nice working with Dubai Police,Happy,5
845,12/02/2024,Certificate of To Whom It May Concern,Kk,Happy,3
846,12/02/2024,Certificate of To Whom It May Concern,Thank you all,Happy,5
847,12/02/2024,Certificate of Loss,Great,Happy,5
848,12/02/2024,Certificate of Loss,Thank you,Happy,5
849,12/02/2024,Certificate of To Whom It May Concern,Excellent,Happy,5
850,12/02/2024,Certificate of Loss,Thank you so much for helping,Happy,5
851,12/02/2024,Certificate of To Whom It May Concern,Good,Happy,4
852,12/02/2024,Certificate of Loss,None,Happy,1
853,12/02/2024,Police Clearance Certificate,Vry Convinient Services. Thanks,Happy,5
854,12/02/2024,Certificate of To Whom It May Concern,PL Suppirt,Neutral,1
855,12/02/2024,Certificate of Loss,Good,Happy,4
856,12/02/2024,Certificate of To Whom It May Concern,Thinks for the Help of the Service requires.,Happy,4
857,12/02/2024,Certificate of To Whom It May Concern,Good App,Happy,4
858,12/02/2024,Certificate of To Whom It May Concern,Everything nice,Happy,5
859,12/02/2024,Certificate of To Whom It May Concern,Vry Good,Happy,4
860,12/02/2024,Certificate of Loss,Easy and Fast Service,Happy,5
861,12/02/2024,Bounced Cheque Report,Thank you very much,Happy,5
862,12/02/2024,Police Clearance Certificate,Thank you,Happy,5
863,12/02/2024,Certificate of To Whom It May Concern,Excellent Service,Happy,5
864,12/02/2024,Police Clearance Certificate,Thank you,Happy,5
865,12/02/2024,Police Clearance Certificate,Good Service,Happy,4
866,12/02/2024,Police Clearance Certificate,Thank you,Happy,5
867,12/02/2024,Police Clearance Certificate,Fast Services,Happy,5
868,12/02/2024,Certificate of Loss,None,Happy,1
869,12/02/2024,Certificate of To Whom It May Concern,Clear and Helpful Function,Happy,5
870,12/02/2024,Certificate of Loss,Good,Happy,4
871,12/02/2024,Certificate of To Whom It May Concern,Thanks,Happy,5
872,12/02/2024,Certificate of To Whom It May Concern,Great Service.,Happy,5
873,12/02/2024,Certificate of To Whom It May Concern,The Service Was So Amazing.,Happy,5
874,12/02/2024,Certificate of To Whom It May Concern,Good,Happy,4
875,12/02/2024,Police Clearance Certificate,Thank you,Happy,5
876,12/02/2024,Certificate of Loss,Love it,Happy,5
877,12/02/2024,Certificate of To Whom It May Concern,Complication with providing data & party link not con Ecting,Neutral,2
878,12/02/2024,Certificate of To Whom It May Concern,Good and Fast Service,Happy,4
879,12/02/2024,Certificate of To Whom It May Concern,Thanks,Happy,5
880,12/02/2024,Certificate of To Whom It May Concern,Ok,Happy,3
881,12/02/2024,Certificate of To Whom It May Concern,Excellent,Happy,5
882,12/02/2024,Certificate of To Whom It May Concern,"All thanks, appreciation and respect Excellent service and thank you for efforts",Happy,5
883,12/02/2024,Certificate of To Whom It May Concern,The app can be more Advanced,Neutral,3
884,12/02/2024,Certificate of To Whom It May Concern,excellent,Happy,5
885,12/02/2024,Certificate of To Whom It May Concern,Super Sir,Happy,5
886,12/02/2024,Certificate of To Whom It May Concern,Excellent,Happy,5
887,12/02/2024,Police Clearance Certificate,I am trying to pay for the police cellrance service but its rejecting Again and Again,Unhappy,2
888,12/02/2024,Certificate of To Whom It May Concern,Excellent Service,Happy,5
889,12/02/2024,Certificate of To Whom It May Concern,Thanks Dubai Police,Happy,5
890,12/02/2024,Traffic Accident Report-  without Injuries,Thanks Dubai Police,Happy,5
891,12/02/2024,Certificate of To Whom It May Concern,It was easy and smooth.,Neutral,5
892,12/02/2024,Certificate of To Whom It May Concern,Long Live Dubai,Happy,5
893,12/02/2024,Certificate of To Whom It May Concern,Thanks,Happy,5
894,12/02/2024,night work permit,Easy to Access,Happy,5
895,12/02/2024,Certificate of To Whom It May Concern,Good Service,Happy,4
896,12/02/2024,Certificate of To Whom It May Concern,Good,Happy,4
897,12/02/2024,Police Clearance Certificate,Easy to use very effective,Happy,5
898,12/02/2024,Certificate of To Whom It May Concern,Good,Happy,4
899,12/02/2024,Police Clearance Certificate,Thanks,Happy,5
900,12/02/2024,Traffic clearance certificate,Good,Happy,4
901,12/02/2024,Certificate of To Whom It May Concern,Ok,Happy,3
902,12/02/2024,Certificate of To Whom It May Concern,Dubai Application for Make everyBody Easy!,Happy,5
903,12/02/2024,Police Clearance Certificate,Excellent Portal,Happy,5
904,12/02/2024,Certificate of To Whom It May Concern,Good Service,Happy,4
905,12/02/2024,Certificate of To Whom It May Concern,Thanks,Happy,5
906,12/02/2024,Certificate of To Whom It May Concern,Perfect Very Easy and Helful,Happy,5
907,12/02/2024,Certificate of To Whom It May Concern,Thanks Dubai Police,Happy,5
908,12/02/2024,Police Clearance Certificate,Good,Happy,4
909,12/02/2024,Certificate of To Whom It May Concern,Good Customer Service,Happy,4
910,12/02/2024,Police Clearance Certificate,It was a smooth transaction,Happy,4
911,12/02/2024,Certificate of To Whom It May Concern,Easy to use,Happy,5
912,12/02/2024,Police Clearance Certificate,I am very happy about your serial it s very easy to sitting on the Bed and now it s Oats On Of My Friend He told me please reply it s hair verful revolution you dubai government,Happy,5
913,12/02/2024,Police Clearance Certificate,Great Service,Happy,5
914,12/02/2024,Police Clearance Certificate,Easy and Straight Forward Service,Happy,5
915,12/02/2024,Certificate of To Whom It May Concern,Thanks to all the services of the United Arab Emirates,Happy,5
916,12/02/2024,Certificate of To Whom It May Concern,Good Service,Happy,4
917,12/02/2024,Certificate of Loss,AA,Happy,3
918,12/02/2024,Police Clearance Certificate,Thank you,Happy,5
919,12/02/2024,Certificate of Loss,S,Neutral,4
920,12/02/2024,Police Clearance Certificate,Na,Happy,3
921,12/02/2024,Police Clearance Certificate,Na,Unhappy,3
922,12/02/2024,Police Clearance Certificate,I Found it a very eFFICIENT SYSTEM and Look Forward to Receival My Certificate. Thankyou,Happy,5
923,11/02/2024,Police Clearance Certificate,All good,Happy,5
924,11/02/2024,night work permit,User Friendly,Happy,5
925,11/02/2024,Police Clearance Certificate,Good Services,Happy,4
926,11/02/2024,Police Clearance Certificate,Vry Efficience Service.,Happy,5
927,11/02/2024,Police Clearance Certificate,This is the title.,Happy,5
928,11/02/2024,Police Clearance Certificate,Thanks,Happy,5
929,11/02/2024,Police Clearance Certificate,Good Service,Happy,4
930,11/02/2024,Police Clearance Certificate,Good,Happy,4
931,11/02/2024,Certificate of Loss,"Google Maps DIDN T Work, I Coupdn T Set Up Precise Location",Unhappy,1
932,11/02/2024,Certificate of Loss,DD,Happy,3
933,11/02/2024,Traffic Accident Report-  without Injuries,Vry Good,Happy,4
934,11/02/2024,Police Clearance Certificate,Thinks for the Online Essay Access,Happy,4
935,11/02/2024,detainee visit request,Thank you for your service,Happy,5
936,11/02/2024,Police Clearance Certificate,All good,Happy,5
937,11/02/2024,detainee visit request,Good,Happy,4
938,11/02/2024,Police Clearance Certificate,Thank you for your Online Service,Happy,5
939,11/02/2024,Certificate of Loss,PLS Call Me,Neutral,5
940,11/02/2024,Traffic Accident Report-  without Injuries,I stopped my car on Pedstrian and He Hit Me from Behind,Happy,1
941,11/02/2024,Police Clearance Certificate,Vry Direction to use the site and i dont know which mu is very successful,Unhappy,3
942,11/02/2024,Police Clearance Certificate,But Too Expective,Happy,3
943,11/02/2024,Police Clearance Certificate,Vry Good Service.,Happy,4
944,11/02/2024,Police Clearance Certificate,Keep it up,Happy,4
945,11/02/2024,Police Clearance Certificate,Vry Fast Process,Happy,4
946,11/02/2024,Police Clearance Certificate,Thank you for your service,Happy,5
947,11/02/2024,Police Clearance Certificate,Spent Less Than 10 Minutes in the While Process. Extremely Satisfied with the Service Standards Mydubai,Happy,5
948,11/02/2024,Police Clearance Certificate,Accessibility and Speed ​​of Service is Excellent,Happy,5
949,11/02/2024,detainee visit request,Good,Happy,4
950,11/02/2024,Police Clearance Certificate,Good,Happy,4
951,10/02/2024,Police Clearance Certificate,Vry Good,Happy,4
952,10/02/2024,Police Clearance Certificate,Dubai Police Always Good,Happy,5
953,10/02/2024,Police Clearance Certificate,Amazing Easy to use,Happy,5
954,10/02/2024,night work permit,Vry Good,Happy,4
955,10/02/2024,Police Clearance Certificate,Happy,Happy,5
956,10/02/2024,Police Clearance Certificate,"It was very fast, easy and time",Happy,5
957,10/02/2024,Police Clearance Certificate,Thank you for the service,Happy,5
958,10/02/2024,Police Clearance Certificate,Service Delivery,Happy,4
959,10/02/2024,night work permit,I,Unhappy,5
960,10/02/2024,Certificate of Loss,No Good Services,Unhappy,1
961,10/02/2024,Police Clearance Certificate,SATISFACTory,Happy,4
962,10/02/2024,Traffic Accident Report-  without Injuries,Easy to Access,Happy,5
963,10/02/2024,night work permit,User Friendly,Happy,5
964,10/02/2024,Police Clearance Certificate,Good,Happy,4
965,10/02/2024,night work permit,Thanks,Happy,5
966,10/02/2024,Police Clearance Certificate,Vry Nice,Happy,4
967,10/02/2024,Police Clearance Certificate,Easy Website,Happy,5
968,10/02/2024,Police Clearance Certificate,Youre very nice,Happy,5
969,10/02/2024,Police Clearance Certificate,Easy and Simple,Happy,5
970,10/02/2024,night work permit,Easy to apply,Happy,5
971,10/02/2024,night work permit,Thank you for make it easy for us,Happy,5
972,10/02/2024,night work permit,na,Happy,3
973,10/02/2024,Police Clearance Certificate,Excellent System,Happy,5
974,10/02/2024,night work permit,Good Service,Happy,4
975,10/02/2024,Police Clearance Certificate,Good,Happy,4
976,10/02/2024,Police Clearance Certificate,Hope to get Fast and Correct Information,Neutral,4
977,10/02/2024,Certificate of Loss,Good and Quick,Happy,5
978,10/02/2024,Traffic Accident Report-  without Injuries,SMART SURVES GOOD VICLE ACCIDENT Report I Makeing Simpl and Very Isse,Happy,4
979,10/02/2024,night work permit,Good Service,Happy,4
980,10/02/2024,Police Clearance Certificate,Good,Happy,4
981,10/02/2024,Request for payment by instalment method of the amount of traffic violations,Thank you Dubai Police,Happy,5
982,09/02/2024,night work permit,Good,Happy,4
983,09/02/2024,Police Clearance Certificate,Thinks for Support,Happy,4
984,09/02/2024,Police Clearance Certificate,Thanks,Happy,5
985,09/02/2024,Police Clearance Certificate,Good,Happy,4
986,09/02/2024,Police Clearance Certificate,Good Services,Happy,4
987,09/02/2024,Police Clearance Certificate,Awesome,Happy,5
988,09/02/2024,Police Clearance Certificate,Thank you for Fast Service Dubai Police,Happy,5
989,09/02/2024,"Submit complaints ( labor, economic crime, electronic crime)",Thinks you so much I am out of country but I am Use this Dubai Police Application for My Check the Status,Happy,5
990,09/02/2024,Police Clearance Certificate,Awesome,Happy,5
991,09/02/2024,Police Clearance Certificate,Good,Happy,4
992,09/02/2024,Police Clearance Certificate,nice,Happy,4
993,09/02/2024,Police Clearance Certificate,Vry Efficient,Happy,5
994,09/02/2024,Police Clearance Certificate,The Service is Expective,Neutral,4
995,09/02/2024,Police Clearance Certificate,Vry Efficient,Happy,5
996,09/02/2024,Traffic Accident Report-  without Injuries,Thank you Dubai Police,Happy,5
997,09/02/2024,Police Clearance Certificate,Excellent Service,Happy,5
998,09/02/2024,Police Clearance Certificate,Vry Good,Happy,4
999,09/02/2024,detainee visit request,Great Site,Happy,5
1000,09/02/2024,detainee visit request,Great,Happy,5
1001,09/02/2024,night work permit,Thank you,Happy,5
1002,09/02/2024,Police Clearance Certificate,Best Service,Happy,5
1003,09/02/2024,Police Clearance Certificate,Good Service,Happy,4
1004,09/02/2024,night work permit,Keep it up,Happy,4
1005,09/02/2024,night work permit,Thanks,Happy,5
1006,09/02/2024,Police Clearance Certificate,Good,Happy,4
1007,09/02/2024,Police Clearance Certificate,Great,Happy,5
1008,09/02/2024,Police Clearance Certificate,Thank you,Happy,5
1009,09/02/2024,night work permit,Excel,Happy,5
1010,09/02/2024,Police Clearance Certificate,Good,Happy,4
1011,09/02/2024,Certificate of Loss,Perfect,Happy,5
1012,09/02/2024,Police Clearance Certificate,Thanks for all,Happy,5
1013,09/02/2024,Police Clearance Certificate,Fantastic,Happy,5
1014,09/02/2024,Bounced Cheque Report,Site,Unhappy,4
1015,09/02/2024,Police Clearance Certificate,"Amazing Service Easily Access Less Time Consuming Go Green",Happy,5
1016,09/02/2024,Certificate of Loss,Vry Good Service,Happy,4
1017,09/02/2024,detainee visit request,Dubai Police You Are the Best,Happy,5
1018,09/02/2024,Police Clearance Certificate,It was good,Happy,4
1019,09/02/2024,Certificate of Loss,Vry Good Sevice,Happy,4
1020,09/02/2024,Certificate of Loss,Vry Good Services,Happy,4
1021,09/02/2024,Certificate of Loss,Good Services,Happy,4
1022,09/02/2024,Traffic Accident Report-  without Injuries,"Vry Good Service, Really AppreciaTate Dubai Police",Happy,5
1023,09/02/2024,Police Clearance Certificate,The Best Service!,Happy,5
1024,09/02/2024,Police Clearance Certificate,Happy,Happy,5
1025,09/02/2024,Police Clearance Certificate,Happy,Happy,5
1026,09/02/2024,Police Clearance Certificate,Thank you,Happy,5
1027,09/02/2024,Police Clearance Certificate,Thanks,Happy,5
1028,09/02/2024,Police Clearance Certificate,These Types of Services Are Too Expective.,Neutral,2
1029,09/02/2024,Certificate of Loss,Need Certificates Faster,Neutral,3
1030,09/02/2024,Traffic Accident Report-  without Injuries,Good,Happy,4
1031,09/02/2024,Police Clearance Certificate,Excellent Service,Happy,5
1032,09/02/2024,Police Clearance Certificate,Great,Happy,5
1033,09/02/2024,Police Clearance Certificate,Remarkable,Happy,5
1034,09/02/2024,Police Clearance Certificate,Nice,Happy,4
1035,09/02/2024,Police Clearance Certificate,Excellent Service,Happy,5
1036,09/02/2024,Police Clearance Certificate,Thanks for the service,Happy,5
1037,09/02/2024,Police Clearance Certificate,Great Process Flow!,Happy,5
1038,09/02/2024,Traffic Accident Report-  without Injuries,Vry Good Service,Happy,4
1039,09/02/2024,Traffic Accident Report-  without Injuries,Thank you,Happy,5
1040,09/02/2024,Traffic Accident Report-  without Injuries,Thanks,Happy,5
1041,09/02/2024,Police Clearance Certificate,Thanks,Happy,5
1042,09/02/2024,Police Clearance Certificate,"Always Happy to Apply for Certificates Online, IT So Convenience",Happy,5
1043,09/02/2024,Police Clearance Certificate,Good,Happy,4
1044,09/02/2024,Police Clearance Certificate,Great Service.,Happy,5
1045,09/02/2024,Certificate of Loss,"I though I reported this will long time and I was eagerly for my refrution but all in vain. Thinks to the Customer Service Representative Who Guided Me here.",Happy,3
1046,08/02/2024,Police Clearance Certificate,Thank you all,Happy,5
1047,08/02/2024,Police Clearance Certificate,Thanks,Happy,5
1048,08/02/2024,Police Clearance Certificate,Ease of Access,Happy,4
1049,08/02/2024,Police Clearance Certificate,"Thanks all thanks for making our lives easier Conditions at the top of the smoothness, thanks Dubai Police Best Regards",Happy,5
1050,08/02/2024,Police Clearance Certificate,Excellent,Happy,5
1051,08/02/2024,Police Clearance Certificate,Its good service,Happy,4
1052,08/02/2024,Detainee Visit,Nice,Happy,4
1053,08/02/2024,Police Clearance Certificate,Good,Happy,4
1054,08/02/2024,Certificate of Loss,"After Coming Download to the Police Station, I WAS TOLD to Fill out the Form online by An Officeer. The website is not mobile friendly so things debt t link up profirly and it was hard for me to enter my details. I haad to submit my application 3 times on Two Devices Before IT Finally Got Me Throw to the Payment Screen. Not a Good Experience for Someone Who is already Distraght.",Unhappy,2
1055,08/02/2024,Police Clearance Certificate,Easy to use playform,Happy,5
1056,08/02/2024,Police Clearance Certificate,Good,Happy,4
1057,08/02/2024,night work permit,Thank you!,Happy,5
1058,08/02/2024,Police Clearance Certificate,Thanks,Happy,5
1059,08/02/2024,Certificate of Loss,Easy to use,Happy,5
1060,08/02/2024,Police Clearance Certificate,Thank you,Happy,5
1061,08/02/2024,Traffic Accident Report-  without Injuries,Good Service,Happy,4
1062,08/02/2024,night work permit,Great Portal,Happy,5
1063,08/02/2024,night work permit,Easy to use Portal,Happy,5
1064,08/02/2024,Traffic Accident Report-  without Injuries,Thanks,Happy,5
1065,08/02/2024,Certificate of Loss,Good Service,Happy,4
1066,08/02/2024,Police Clearance Certificate,Good,Happy,4
1067,08/02/2024,Police Clearance Certificate,Good Platiform,Happy,4
1068,08/02/2024,Police Clearance Certificate,Thank you,Happy,5
1069,08/02/2024,night work permit,I am very happy,Happy,5
1070,08/02/2024,night work permit,I didnt recept otp for the first time and i weed to redo the While Process of the Permit Wasting 30Min More,Unhappy,1
1071,08/02/2024,Police Clearance Certificate,Good Service,Happy,4
1072,08/02/2024,Police Clearance Certificate,Service is good,Happy,4
1073,08/02/2024,Police Clearance Certificate,very good,Happy,5
1074,08/02/2024,Police Clearance Certificate,Thank you,Happy,5
1075,08/02/2024,Certificate of Loss,Good Support,Happy,4
1076,08/02/2024,Police Clearance Certificate,Really Good,Happy,5
1077,08/02/2024,Police Clearance Certificate,"As always, dubai is the best",Happy,5
1078,08/02/2024,Police Clearance Certificate,Thank you for smart services,Happy,5
1079,08/02/2024,Police Clearance Certificate,Thanks,Happy,5
1080,08/02/2024,Police Clearance Certificate,Great Services,Happy,5
1081,08/02/2024,Police Clearance Certificate,Great Services,Happy,5
1082,08/02/2024,Police Clearance Certificate,Thanks.,Happy,5
1083,08/02/2024,Police Clearance Certificate,Vry Nice,Happy,4
1084,08/02/2024,Police Clearance Certificate,Thank you,Happy,5
1085,08/02/2024,Police Clearance Certificate,Happy,Happy,5
1086,08/02/2024,Police Clearance Certificate,Nothing,Happy,1
1087,08/02/2024,Certificate of Loss,Happy,Happy,5
1088,08/02/2024,Police Clearance Certificate,H,Happy,5
1089,08/02/2024,Traffic Accident Report-  without Injuries,User Friendly,Happy,5
1090,08/02/2024,Certificate of Loss,Vry everyy to use dxb police service. Thank you Dubai Police!,Happy,5
1091,08/02/2024,Police Clearance Certificate,Good,Happy,4
1092,08/02/2024,Police Clearance Certificate,Good,Happy,4
1093,08/02/2024,Police Clearance Certificate,Thanks,Happy,5
1094,08/02/2024,Police Clearance Certificate,Easy Access and Very Convenient,Happy,5
1095,08/02/2024,Police Clearance Certificate,"Super Easy, so good when all thinks are linked by your emirates ID. Such a good process",Happy,5
1096,08/02/2024,Certificate of Loss,All good,Happy,5
1097,08/02/2024,Certificate of Loss,Good,Happy,4
1098,08/02/2024,Police Clearance Certificate,Great! Vry Easy.,Happy,5
1099,08/02/2024,Police Clearance Certificate,Think,Happy,5
1100,08/02/2024,Police Clearance Certificate,Vry Good Service,Happy,4
1101,08/02/2024,Police Clearance Certificate,Good,Happy,4
1102,08/02/2024,night work permit,Thanks,Happy,5
1103,08/02/2024,Police Clearance Certificate,Awesome,Happy,5
1104,08/02/2024,night work permit,This is my 3rd time to apply becuse the 1st and 2nd Time - I Receied A Incomplete Name of Sub Companies. I Issue with the Website!,Unhappy,1
1105,08/02/2024,Police Clearance Certificate,Easy Process,Happy,5
1106,08/02/2024,Police Clearance Certificate,God bless you,Happy,1
1107,08/02/2024,Police Clearance Certificate,I needed this to apply to University and it was Super Easy to Finish! Amazing!,Happy,5
1108,08/02/2024,Police Clearance Certificate,"As Expat to UAE, IM Always Impress with the emirates people.",Happy,5
1109,08/02/2024,Certificate of Loss,Good Service,Neutral,4
1110,08/02/2024,Police Clearance Certificate,It s eary to use the application with Easy Steps to Follow to get all the next information and details,Happy,4
1111,08/02/2024,Police Clearance Certificate,It would have been beetter that you actept biometrics online which has been been attacted by your own uae embassy and ministry of Foreign Affairs. Why do you Need hard Copies? Professional Save Time for Yourself and Money for Us.,Happy,1
1112,08/02/2024,detainee visit request,Thanks,Happy,5
1113,08/02/2024,Police Clearance Certificate,Hoping for Expeeded Response,Happy,3
1114,08/02/2024,Police Clearance Certificate,Thanks Dubai Police,Happy,5
1115,08/02/2024,Police Clearance Certificate,Suppr Easy and Smooth Process,Happy,5
1116,08/02/2024,Police Clearance Certificate,Excellent Service,Happy,5
1117,08/02/2024,Police Clearance Certificate,Thank for the Good Service,Happy,5
1118,07/02/2024,Police Clearance Certificate,Na,Happy,3
1119,07/02/2024,Police Clearance Certificate,Docs request in detail,Neutral,4
1120,07/02/2024,Police Clearance Certificate,Na,Neutral,3
1121,07/02/2024,Police Clearance Certificate,Keep Going,Happy,1
1122,07/02/2024,Police Clearance Certificate,Vry satfied,Happy,1
1123,07/02/2024,Police Clearance Certificate,Good Job Thank You,Happy,5
1124,07/02/2024,Police Clearance Certificate,Proud of this service,Happy,5
1125,07/02/2024,Police Clearance Certificate,Expective Charge But Fast Service,Happy,4
1126,07/02/2024,Certificate of Loss,Thank you so much very fast service,Happy,5
1127,07/02/2024,Police Clearance Certificate,Vry Friendly,Happy,5
1128,07/02/2024,Police Clearance Certificate,Great,Happy,5
1129,07/02/2024,Police Clearance Certificate,"I am hoping that the procese of the police CLARANCE CERTIFICE is Fast, please. Thank you.",Happy,4
1130,07/02/2024,Police Clearance Certificate,"It was so easy, my first time request a police cost Butr Search in Google I Got It and how to apply for it. Verry Accessible, Efficience and Easy Steps to Follow.",Happy,5
1131,07/02/2024,Police Clearance Certificate,"When it was time to enter my mobile number and the otp, there was a verb dely between when I type on the keyboard and when the letter show up up. I think there is a probem with the website.",Unhappy,2
1132,07/02/2024,Police Clearance Certificate,Good Services You Save My Time Think You Dubai Police,Happy,5
1133,07/02/2024,Police Clearance Certificate,Vry Good Service. Thank you for your help,Happy,5
1134,07/02/2024,Police Clearance Certificate,.....,Neutral,3
1135,07/02/2024,Police Clearance Certificate,Easy Access,Happy,5
1136,07/02/2024,Police Clearance Certificate,Thanks,Happy,5
1137,07/02/2024,night work permit,Everything Great,Happy,5
1138,07/02/2024,Police Clearance Certificate,Thanks,Happy,5
1139,07/02/2024,Police Clearance Certificate,Nice,Happy,4
1140,07/02/2024,Traffic Accident Report - Unkown Party,Good,Happy,4
1141,07/02/2024,Traffic Accident Report-  without Injuries,Dubai Police is very nice few dubai police,Happy,4
1142,07/02/2024,Certificate of Loss,Good and Fast Services,Happy,4
1143,07/02/2024,Police Clearance Certificate,Excellent Service,Happy,5
1144,07/02/2024,Police Clearance Certificate,All thanks and appreciation,Happy,5
1145,07/02/2024,night work permit,This is my 2nd time to apply in 1 day before 1 contracter is not incubed in the 1st Permit Due to Error of the Website. I incomed that contracter but it Didn t apppere on the permit,Unhappy,1
1146,07/02/2024,Police Clearance Certificate,"The price for a certificat tendnt be the one you ask becuse it s The textologie iMPROVEMEMENT ShOULDNT Be a Burden But A RLIF (Also for the Money). But all the rest is perfect.",Neutral,4
1147,07/02/2024,Police Clearance Certificate,Good!,Happy,4
1148,07/02/2024,Police Clearance Certificate,Happy,Happy,5
1149,07/02/2024,Police Clearance Certificate,Easy and Effective Service,Happy,5
1150,07/02/2024,Police Clearance Certificate,Thanks for your distinguished services,Happy,5
1151,07/02/2024,night work permit,Simple,Happy,5
1152,07/02/2024,night work permit,Always Need to Repat the Application. Google Grome Not Working .wasting of Time,Unhappy,1
1153,07/02/2024,detainee visit request,So smooth and Quickly Process no hassle. Thank you Dubai Police,Happy,5
1154,07/02/2024,Traffic Accident Report-  without Injuries,Vry Friendly App,Happy,5
1155,07/02/2024,Traffic Accident Report-  without Injuries,Thanks,Happy,5
1156,07/02/2024,Police Clearance Certificate,Thanks,Happy,5
1157,07/02/2024,Police Clearance Certificate,It was good,Happy,4
1158,07/02/2024,Certificate of Loss,Vry Good,Happy,4
1159,07/02/2024,night work permit,Good,Happy,4
1160,07/02/2024,Police Clearance Certificate,Good,Happy,4
1161,07/02/2024,Police Clearance Certificate,Service is good,Happy,4
1162,07/02/2024,Police Clearance Certificate,Great Service,Happy,5
1163,07/02/2024,Police Clearance Certificate,Happy,Happy,5
1164,07/02/2024,Police Clearance Certificate,"Genuine, Relief and Easy Access",Happy,5
1165,07/02/2024,Police Clearance Certificate,Good,Neutral,4
1166,07/02/2024,Police Clearance Certificate,Great Service,Happy,5
1167,07/02/2024,Police Clearance Certificate,Vry Easy,Happy,5
1168,07/02/2024,Police Clearance Certificate,Thank U,Happy,5
1169,07/02/2024,Certificate of Loss,Good,Happy,4
1170,07/02/2024,Certificate of To Whom It May Concern,Thanks,Happy,5
1171,07/02/2024,Police Clearance Certificate,Happy,Happy,5
1172,07/02/2024,Police Clearance Certificate,"May God protect you, and God will love you",Happy,5
1173,07/02/2024,detainee visit request,Its Quick Application Happy to use it.,Happy,5
1174,07/02/2024,Police Clearance Certificate,;)),Happy,5
1175,07/02/2024,Police Clearance Certificate,Nice Service,Happy,4
1176,07/02/2024,night work permit,All good,Happy,5
1177,07/02/2024,night work permit,Useful,Happy,4
1178,07/02/2024,Police Clearance Certificate,Good,Happy,4
1179,07/02/2024,night work permit,Its user Friendly,Happy,4
1180,07/02/2024,night work permit,I ll do it again laater,Unhappy,5
1181,07/02/2024,Police Clearance Certificate,Thank you,Happy,5
1182,07/02/2024,Police Clearance Certificate,We thank you for your good cooperation with us and facilitate procedures to obtain the best services through your website. We wish you more progress as you have returned to us.,Happy,5
1183,07/02/2024,Traffic Accident Report-  without Injuries,Thanks for easy service,Happy,5
1184,07/02/2024,Police Clearance Certificate,Love the Uae,Happy,5
1185,07/02/2024,Traffic Accident Report-  without Injuries,Happy for System,Happy,5
1186,07/02/2024,Police Clearance Certificate,Great,Happy,5
1187,07/02/2024,Police Clearance Certificate,Great as always.,Happy,5
1188,07/02/2024,Police Clearance Certificate,Simply The Best,Happy,5
1189,07/02/2024,Police Clearance Certificate,Keep it up !!,Happy,5
1190,07/02/2024,Bounced Cheque Report,Good,Happy,4
1191,07/02/2024,Police Clearance Certificate,"I Hope you Expeded My Application Becuse IT is a MATER of Urgence. Kind regards, Sagaren Pillai",Happy,5
1192,06/02/2024,Certificate of Loss,Vry Good,Happy,4
1193,06/02/2024,Traffic Accident Report-  without Injuries,Thank you,Happy,5
1194,06/02/2024,Police Clearance Certificate,nice,Happy,4
1195,06/02/2024,Traffic Accident Report - Unkown Party,Good,Happy,4
1196,06/02/2024,Police Clearance Certificate,Great Experience,Happy,5
1197,06/02/2024,Police Clearance Certificate,May I Get My PCC Very Fast if Possible,Happy,3
1198,06/02/2024,Certificate of Loss,Good Services,Happy,4
1199,06/02/2024,Certificate of Loss,Vry Good,Happy,4
1200,06/02/2024,Certificate of Loss,Marvoules,Happy,3
1201,06/02/2024,night work permit,Wow,Happy,5
1202,06/02/2024,Police Clearance Certificate,Excellent,Happy,5
1203,06/02/2024,Police Clearance Certificate,Fast Service,Happy,5
1204,06/02/2024,night work permit,Satisfied,Happy,4
1205,06/02/2024,Police Clearance Certificate,Vry Convenience on online,Happy,5
1206,06/02/2024,Traffic Accident Report-  without Injuries,Ok,Happy,3
1207,06/02/2024,Police Clearance Certificate,k,Happy,4
1208,06/02/2024,Certificate of Loss,Vry Good,Happy,4
1209,06/02/2024,Police Clearance Certificate,na,Happy,3
1210,06/02/2024,Police Clearance Certificate,Thanks for good services,Unhappy,5
1211,06/02/2024,Police Clearance Certificate,I love you all,Happy,5
1212,06/02/2024,Police Clearance Certificate,Keep Going,Happy,1
1213,06/02/2024,Traffic Accident Report - Unkown Party,Good,Happy,4
1214,06/02/2024,Police Clearance Certificate,Thanks,Happy,5
1215,06/02/2024,Police Clearance Certificate,Was Unrealistic Experience and Ease to Use,Happy,2
1216,06/02/2024,Traffic Accident Report-  without Injuries,Service Was Easy to Use,Happy,4
1217,06/02/2024,Police Clearance Certificate,Easy to Access and swift,Happy,5
1218,06/02/2024,Police Clearance Certificate,Fast and Easy Service,Happy,5
1219,06/02/2024,Traffic Accident Report-  without Injuries,Good,Happy,4
1220,06/02/2024,Certificate of Loss,Thank you,Happy,5
1221,06/02/2024,Police Clearance Certificate,Vry Good,Happy,4
1222,06/02/2024,Police Clearance Certificate,Excellent,Happy,5
1223,06/02/2024,Police Clearance Certificate,Too Expective for Noteing,Unhappy,2
1224,06/02/2024,Traffic Accident Report-  without Injuries,Excellent Service,Happy,5
1225,06/02/2024,Traffic Accident Report-  without Injuries,User Friendly,Happy,5
1226,06/02/2024,night work permit,nice,Happy,4
1227,06/02/2024,Police Clearance Certificate,Good,Happy,4
1228,06/02/2024,Police Clearance Certificate,Grerat,Happy,1
1229,06/02/2024,Police Clearance Certificate,Good,Happy,4
1230,06/02/2024,Police Clearance Certificate,Great Service,Happy,5
1231,06/02/2024,Police Clearance Certificate,Thank you very much,Happy,5
1232,06/02/2024,night work permit,Amazing,Happy,5
1233,06/02/2024,Police Clearance Certificate,Dubai Police App is the Best. Easy to Access and No Complications,Happy,5
1234,06/02/2024,Police Clearance Certificate,excellent,Happy,5
1235,06/02/2024,Certificate of Loss,Excellent,Happy,5
1236,06/02/2024,Police Clearance Certificate,Thanks,Happy,5
1237,06/02/2024,Certificate of Loss,Thanks,Happy,5
1238,06/02/2024,night work permit,Excellent Service,Happy,5
1239,06/02/2024,Certificate of Loss,Good,Happy,4
1240,06/02/2024,night work permit,Good,Happy,4
1241,06/02/2024,Police Clearance Certificate,Thank you!,Happy,5
1242,06/02/2024,Police Clearance Certificate,Thanks for the accuracy of communication,Happy,5
1243,06/02/2024,Police Clearance Certificate,Thank you,Happy,5
1244,06/02/2024,Certificate of Loss,Thank you Dubai Police,Happy,5
1245,06/02/2024,Police Clearance Certificate,Thank you,Happy,5
1246,06/02/2024,Certificate of Loss,Thank you very much,Happy,5
1247,06/02/2024,night work permit,Easy to Access Website and Easy to Navigate. Thank you Dubai Police,Happy,5
1248,06/02/2024,night work permit,Need R.,Unhappy,3
1249,06/02/2024,Traffic Accident Report - Unkown Party,Thank you for the polite and Kind Assistance.,Happy,5
1250,06/02/2024,Certificate of Loss,Vry Good,Happy,4
1251,06/02/2024,Police Clearance Certificate,Best Service,Happy,5
1252,06/02/2024,Police Clearance Certificate,Thanks,Happy,5
1253,06/02/2024,Police Clearance Certificate,Good Services,Happy,4
1254,06/02/2024,Certificate of Loss,Happy,Happy,5
1255,06/02/2024,Police Clearance Certificate,SATISFACTION and Very Happy.,Happy,5
1256,06/02/2024,Certificate of Loss,smooth,Happy,5
1257,06/02/2024,Certificate of Loss,Na,Happy,3
1258,06/02/2024,Police Clearance Certificate,Amazing,Happy,5
1259,06/02/2024,night work permit,Thanks,Happy,5
1260,06/02/2024,Certificate of Loss,There is a not an accented at Again we have to put all data Again..Time was,Unhappy,1
1261,06/02/2024,Police Clearance Certificate,Thank you,Happy,5
1262,06/02/2024,Traffic Accident Report-  without Injuries,Excellent Job,Happy,5
1263,06/02/2024,Certificate of Loss,I am a happy your said very much for your time cholle,Happy,5
1264,06/02/2024,Traffic Accident Report - Unkown Party,Excellent Service,Happy,5
1265,06/02/2024,Certificate of Loss,Good En,Happy,4
1266,06/02/2024,Police Clearance Certificate,"Great Service So Far Online, Thank you!",Happy,5
1267,06/02/2024,Police Clearance Certificate,Was Good and Easy Apply,Happy,4
1268,06/02/2024,Certificate of Loss,Good Services,Happy,4
1269,05/02/2024,Certificate of Loss,Cant Register Complain,Unhappy,3
1270,05/02/2024,detainee visit request,It s Taking long time to connect,Neutral,4
1271,05/02/2024,Police Clearance Certificate,Good,Neutral,4
1272,05/02/2024,Police Clearance Certificate,Thanks,Happy,5
1273,05/02/2024,Police Clearance Certificate,It was great,Happy,5
1274,05/02/2024,Police Clearance Certificate,Good,Happy,4
1275,05/02/2024,Certificate of Loss,Thank you,Happy,5
1276,05/02/2024,"Submit complaints ( labor, economic crime, electronic crime)",I can t do this work sir,Neutral,1
1277,05/02/2024,Certificate of Loss,System Download,Unhappy,4
1278,05/02/2024,Police Clearance Certificate,Vry Good Service,Happy,4
1279,05/02/2024,Certificate of Loss,Nice,Happy,4
1280,05/02/2024,Police Clearance Certificate,Service Was Easy and Undersandable,Happy,5
1281,05/02/2024,Police Clearance Certificate,Thank you so much,Happy,5
1282,05/02/2024,Police Clearance Certificate,"It can be definitely a Lot more Easier to use the site. Also, Not Sure Why I can simply use an international CREDIT CARD",Unhappy,3
1283,05/02/2024,Certificate of Loss,Think You for Such Service,Happy,5
1284,05/02/2024,Police Clearance Certificate,Good,Happy,4
1285,05/02/2024,Certificate of Loss,Vry Nice,Happy,4
1286,05/02/2024,Certificate of Loss,Good,Happy,4
1287,05/02/2024,night work permit,Happy to inform you that toy site is very fast and with the Limited Timeline I have initiated my permit request,Happy,5
1288,05/02/2024,night work permit,You are doing great work! Thank you!,Happy,5
1289,05/02/2024,night work permit,"Hi There! Will be great if I can pube numbers by copycats instead of type it for every person, the rest is is available, thank you",Neutral,5
1290,05/02/2024,Traffic Accident Report-  without Injuries,Excellent,Happy,5
1291,05/02/2024,Police Clearance Certificate,I love How is it is to accurate.,Happy,5
1292,05/02/2024,Bounced Cheque Report,Good Service in the World,Happy,5
1293,05/02/2024,Bounced Cheque Report,Thanks,Happy,5
1294,05/02/2024,Certificate of Loss,Thanks for the easy deal,Happy,5
1295,05/02/2024,Police Clearance Certificate,Easy to Assess,Happy,5
1296,05/02/2024,Police Clearance Certificate,Vry everyy and Quick,Happy,5
1297,05/02/2024,Certificate of Loss,good,Happy,4
1298,05/02/2024,Traffic Accident Report-  without Injuries,Fast and Easy,Happy,5
1299,05/02/2024,Police Clearance Certificate,Amazing !!,Happy,5
1300,05/02/2024,Request for payment by instalment method of the amount of traffic violations,Thanks,Happy,5
1301,05/02/2024,Police Clearance Certificate,Nice,Happy,4
1302,05/02/2024,Police Clearance Certificate,Good,Happy,4
1303,05/02/2024,Police Clearance Certificate,Great and Easy Service,Happy,5
1304,05/02/2024,Police Clearance Certificate,Vry Quick Services,Happy,5
1305,05/02/2024,night work permit,Vry Good Portal,Happy,4
1306,05/02/2024,night work permit,Good,Happy,4
1307,05/02/2024,night work permit,Good Service,Happy,4
1308,05/02/2024,"Submit complaints ( labor, economic crime, electronic crime)","I have no complaines Against Anyone. Just WhatsApp to know how to get out of this situation and work here Legally. Thank you",Happy,5
1309,05/02/2024,Police Clearance Certificate,kuk,Happy,3
1310,05/02/2024,Certificate of Loss,So easy to accurate and in one click you already reported your Lost Items.,Happy,5
1311,05/02/2024,Traffic Accident Report - Unkown Party,Brilliant,Happy,5
1312,05/02/2024,Certificate of Loss,"I love the service, verf",Happy,5
1313,05/02/2024,Police Clearance Certificate,Good Services,Happy,4
1314,05/02/2024,"Submit complaints ( labor, economic crime, electronic crime)",.,Happy,3
1315,05/02/2024,Police Clearance Certificate,Happy to use this site,Happy,5
1316,05/02/2024,Police Clearance Certificate,Thank you very much for the speed of achievement,Happy,5
1317,05/02/2024,Police Clearance Certificate,Vry Efficient,Happy,5
1318,05/02/2024,Request for payment by instalment method of the amount of traffic violations,Useful Service,Happy,4
1319,05/02/2024,Police Clearance Certificate,Happy With these Ease of Services,Happy,5
1320,05/02/2024,Police Clearance Certificate,Dubai is the best in service in the entire emirates,Happy,5
1321,05/02/2024,detainee visit request,God bless you,Happy,1
1322,05/02/2024,Police Clearance Certificate,I haad prumblems with reclusion the code on my phone to keep up. This Took 2 Days to Resolution.,Neutral,1
1323,05/02/2024,night work permit,Good,Happy,4
1324,05/02/2024,Police Clearance Certificate,Easy to use,Happy,5
1325,05/02/2024,Police Clearance Certificate,Excellent Experience,Happy,5
1326,05/02/2024,Police Clearance Certificate,Excellent,Happy,5
1327,05/02/2024,Police Clearance Certificate,Dubai is Always Number 1 in it.,Happy,5
1328,05/02/2024,night work permit,Please make easy eid entry Method,Happy,3
1329,05/02/2024,night work permit,The Process Not Completed Several Time at the End While Waiting OTP,Unhappy,2
1330,05/02/2024,Certificate of To Whom It May Concern,Very Doog,Happy,2
1331,05/02/2024,Police Clearance Certificate,Asual Excellent Dubai ...!,Happy,5
1332,05/02/2024,Police Clearance Certificate,Good,Happy,4
1333,05/02/2024,Traffic Accident Report - Unkown Party,Nothing,Happy,1
1334,05/02/2024,Police Clearance Certificate,Thank you for the Fast Service.,Happy,5
1335,05/02/2024,Police Clearance Certificate,"The site is wonderful ,,, thousand thanks for the services",Happy,5
1336,05/02/2024,Traffic clearance certificate,Good and Easy,Happy,5
1337,05/02/2024,Police Clearance Certificate,Good Services,Happy,4
1338,05/02/2024,Police Clearance Certificate,Good,Happy,4
1339,05/02/2024,night work permit,Vry Direction to use and also a Lot of Bugs in the Portal,Unhappy,3
1340,05/02/2024,Police Clearance Certificate,"Wallahi Very Good Service and Best Online Option ,,",Happy,5
1341,05/02/2024,Police Clearance Certificate,Happy,Happy,5
1342,05/02/2024,Police Clearance Certificate,Thank U,Happy,5
1343,05/02/2024,night work permit,Easy to Apply and Quick Approval,Happy,5
1344,05/02/2024,Certificate of Loss,Thank you,Happy,5
1345,05/02/2024,Traffic Accident Report - Unkown Party,Charges Should Be More Rational. 420 AED is Too Much.,Happy,2
1346,05/02/2024,Police Clearance Certificate,Great and Quick Service. Vry everyy to underrstand.,Happy,5
1347,05/02/2024,Police Clearance Certificate,Happy Customer,Happy,5
1348,05/02/2024,Certificate of Loss,nothing,Happy,1
1349,05/02/2024,Police Clearance Certificate,Gud,Happy,5
1350,05/02/2024,Police Clearance Certificate,Getting the Phone Number Verification Code Took Vry Long and Even Get The Code for the Payment.,Unhappy,5
1351,05/02/2024,Police Clearance Certificate,Thank you,Happy,5
1352,05/02/2024,Traffic Accident Report-  without Injuries,G,Happy,5
1353,05/02/2024,Police Clearance Certificate,Amazing and easy to use,Happy,5
1354,05/02/2024,Police Clearance Certificate,ok,Happy,3
1355,04/02/2024,Police Clearance Certificate,Thank you,Happy,5
1356,04/02/2024,Police Clearance Certificate,nice,Happy,4
1357,04/02/2024,Police Clearance Certificate,Thank you,Happy,5
1358,04/02/2024,Police Clearance Certificate,Good Service,Happy,4
1359,04/02/2024,Certificate of Loss,I M Happy Becuse Very Fast Make Online Vry Helpful Thank Dubai Police,Happy,5
1360,04/02/2024,Police Clearance Certificate,Good Job! Fast and Easy Access to Police CleAranCe Certificate.,Happy,5
1361,04/02/2024,Police Clearance Certificate,Easy Accessible,Happy,5
1362,04/02/2024,Police Clearance Certificate,good,Happy,4
1363,04/02/2024,night work permit,Love Dubai Police),Happy,5
1364,04/02/2024,Police Clearance Certificate,Perfect,Happy,5
1365,04/02/2024,Police Clearance Certificate,Reduce the price of fees,Neutral,3
1366,04/02/2024,night work permit,Fast Service,Happy,5
1367,04/02/2024,Police Clearance Certificate,Fast & Easy Service,Happy,5
1368,04/02/2024,Certificate of Loss,Good,Happy,4
1369,04/02/2024,Certificate of Loss,Hi,Happy,5
1370,04/02/2024,Police Clearance Certificate,Great,Neutral,5
1371,04/02/2024,Police Clearance Certificate,Delay in Receiving Opt Through Mobile,Neutral,1
1372,04/02/2024,Certificate of Loss,Ok,Happy,3
1373,04/02/2024,Traffic Accident Report - Unkown Party,Thanks,Happy,5
1374,04/02/2024,detainee visit request,Thank you all,Happy,5
1375,04/02/2024,Police Clearance Certificate,Nice,Happy,4
1376,04/02/2024,Police Clearance Certificate,Vry Friendly use,Happy,5
1377,04/02/2024,Traffic Accident Report - Unkown Party,.,Happy,3
1378,04/02/2024,Police Clearance Certificate,Great Service,Happy,5
1379,03/02/2024,Police Clearance Certificate,FFG,Happy,3
1380,03/02/2024,Certificate of Loss,Vry Good,Happy,4
1381,03/02/2024,Police Clearance Certificate,"Vry everyy and helpful Thank you",Happy,5
1382,03/02/2024,Police Clearance Certificate,Good,Happy,4
1383,03/02/2024,Traffic Accident Report - Unkown Party,Apple Pay Missed,Unhappy,1
1384,03/02/2024,Police Clearance Certificate,It was awesome!,Happy,5
1385,03/02/2024,Police Clearance Certificate,Great Job,Happy,5
1386,03/02/2024,Certificate of Loss,Good,Happy,4
1387,03/02/2024,Police Clearance Certificate,P,Happy,4
1388,03/02/2024,night work permit,Its more better now,Happy,3
1389,03/02/2024,night work permit,Good Portal,Happy,4
1390,03/02/2024,detainee visit request,IT easy and Fast,Happy,5
1391,03/02/2024,Traffic Accident Report-  without Injuries,Friendly user,Happy,4
1392,03/02/2024,Police Clearance Certificate,Yes,Neutral,5
1393,03/02/2024,Traffic Accident Report - Unkown Party,Vry Good,Happy,4
1394,03/02/2024,Police Clearance Certificate,Thank you .. very good service.,Happy,5
1395,03/02/2024,Police Clearance Certificate,Its Helpful Quick for Services,Happy,4
1396,03/02/2024,Police Clearance Certificate,Good,Happy,4
1397,03/02/2024,Police Clearance Certificate,"All good, dubai is the best)",Happy,5
1398,03/02/2024,Police Clearance Certificate,Easy Transaction,Happy,5
1399,03/02/2024,Certificate of Loss,Thanks,Happy,5
1400,03/02/2024,Police Clearance Certificate,Amazing!,Happy,5
1401,03/02/2024,Traffic Accident Report-  without Injuries,Thanks,Happy,5
1402,03/02/2024,Police Clearance Certificate,"I don t what a urid number - explain where to find it For Tadbeer I Dont Know it is Directora of Human Etc. etc.",Neutral,1
1403,03/02/2024,Traffic Accident Report - Unkown Party,Thank you Dubai Police,Happy,5
1404,03/02/2024,Police Clearance Certificate,Good,Happy,4
1405,03/02/2024,Traffic Accident Report-  without Injuries,Vry Good Access,Happy,4
1406,03/02/2024,Certificate of Loss,Its good,Happy,4
1407,03/02/2024,detainee visit request,I wish success and success for the greatest country in the world,Happy,5
1408,03/02/2024,Police Clearance Certificate,Scatter,Happy,1
1409,03/02/2024,Police Clearance Certificate,Thank you duba,Happy,5
1410,03/02/2024,Police Clearance Certificate,Kha,Happy,3
1411,03/02/2024,Police Clearance Certificate,Thank you,Happy,5
1412,03/02/2024,Police Clearance Certificate,Great,Happy,5
1413,03/02/2024,night work permit,Thanks,Happy,5
1414,03/02/2024,Police Clearance Certificate,WAITING For Responses with 24 Hours,Neutral,3
1415,03/02/2024,Traffic Accident Report - Unkown Party,Thanks for all your services,Happy,5
1416,03/02/2024,Police Clearance Certificate,It S Wordful Making Processes Easy,Happy,4
1417,03/02/2024,Traffic Accident Report - Unkown Party,Thanks to the UAE state for service,Happy,5
1418,03/02/2024,"Submit complaints ( labor, economic crime, electronic crime)",Nice,Happy,4
1419,03/02/2024,Police Clearance Certificate,It was Good Experince,Happy,4
1420,03/02/2024,Police Clearance Certificate,Extremely Easy To Use,Happy,5
1421,03/02/2024,Police Clearance Certificate,everything was good ...,Happy,4
1422,03/02/2024,"Submit complaints ( labor, economic crime, electronic crime)",I hop them will help me soon,Happy,4
1423,03/02/2024,Police Clearance Certificate,Vry Good,Happy,4
1424,03/02/2024,Police Clearance Certificate,Fine,Neutral,4
1425,03/02/2024,Police Clearance Certificate,Great,Happy,5
1426,02/02/2024,Police Clearance Certificate,I,Happy,5
1427,02/02/2024,Police Clearance Certificate,Wonderful,Happy,5
1428,02/02/2024,Certificate of Loss,OK,Happy,3
1429,02/02/2024,Police Clearance Certificate,WAITING for The Certificate,Happy,3
1430,02/02/2024,Request for payment by instalment method of the amount of traffic violations,Good,Happy,4
1431,02/02/2024,Traffic clearance certificate,Great,Happy,5
1432,02/02/2024,night work permit,Appreciated -),Happy,4
1433,02/02/2024,Certificate of Loss,Good Services,Happy,4
1434,02/02/2024,Certificate of Loss,Vry Good,Happy,4
1435,02/02/2024,Certificate of Loss,Love UAE,Happy,5
1436,02/02/2024,Police Clearance Certificate,Satisfied,Happy,4
1437,02/02/2024,Certificate of Loss,Good Services,Happy,4
1438,02/02/2024,Traffic Accident Report - Unkown Party,Good and save procese,Happy,5
1439,02/02/2024,night work permit,Best Service,Happy,5
1440,02/02/2024,night work permit,Easy to use,Happy,5
1441,02/02/2024,Police Clearance Certificate,As usual number one in everything,Happy,5
1442,02/02/2024,night work permit,There is an error solution invalid eid and invalid otp Even thou i used correct one. It consumed me 1 hr to start from Beginning Again Again.,Unhappy,1
1443,02/02/2024,night work permit,Vry Convinient,Happy,5
1444,02/02/2024,Police Clearance Certificate,Na,Happy,3
1445,02/02/2024,Certificate of Loss,Thank you for your service,Happy,5
1446,02/02/2024,Police Clearance Certificate,Vry Convenient Especially for Us who are Outside UAE,Happy,4
1447,02/02/2024,Police Clearance Certificate,Good Experience,Happy,4
1448,02/02/2024,Police Clearance Certificate,Thanks,Happy,5
1449,02/02/2024,Police Clearance Certificate,Excellent,Happy,5
1450,02/02/2024,night work permit,Amazing Service,Happy,5
1451,02/02/2024,night work permit,All good,Happy,5
1452,02/02/2024,Certificate of Loss,Sad,Unhappy,1
1453,02/02/2024,Police Clearance Certificate,Now I asked to left,Happy,1
1454,02/02/2024,"Submit complaints ( labor, economic crime, electronic crime)",Its nice,Happy,4
1455,02/02/2024,Police Clearance Certificate,Verre Easy and Fast,Happy,5
1456,02/02/2024,Police Clearance Certificate,Good,Happy,4
1457,02/02/2024,Certificate of Loss,Thanks,Neutral,5
1458,02/02/2024,Police Clearance Certificate,Ggd Service,Happy,5
1459,02/02/2024,night work permit,Some time we are not gave otp.,Happy,2
1460,02/02/2024,Police Clearance Certificate,Good,Happy,4
1461,02/02/2024,night work permit,Great,Happy,5
1462,02/02/2024,Police Clearance Certificate,Vry Good,Happy,4
1463,02/02/2024,Police Clearance Certificate,Vry Good Services,Neutral,4
1464,02/02/2024,Police Clearance Certificate,"Easiest Way of Service, Fast Result",Happy,5
1465,02/02/2024,Traffic Accident Report-  without Injuries,Thank you for everything,Happy,5
1466,02/02/2024,Police Clearance Certificate,Super,Happy,5
1467,02/02/2024,Police Clearance Certificate,Nice Service,Happy,4
1468,02/02/2024,Police Clearance Certificate,Nice Service,Happy,4
1469,02/02/2024,Certificate of Loss,Good,Happy,4
1470,02/02/2024,Police Clearance Certificate,Good,Happy,4
1471,02/02/2024,Police Clearance Certificate,It was a nice expervation.,Happy,4
1472,02/02/2024,Police Clearance Certificate,nice,Happy,4
1473,02/02/2024,Police Clearance Certificate,Good,Happy,4
1474,02/02/2024,night work permit,Easy to Access,Happy,5
1475,02/02/2024,Police Clearance Certificate,Great - Very Fast,Unhappy,5
1476,02/02/2024,night work permit,Fast and easy to use,Happy,5
1477,02/02/2024,Police Clearance Certificate,Easy and wonderful experience,Happy,5
1478,02/02/2024,night work permit,"Today S SY SY Experience Was Superb. No Delay I Got The Permit with A SECOND. Keep it up All The Best",Happy,5
1479,02/02/2024,Police Clearance Certificate,Thanks,Happy,5
1480,02/02/2024,"Submit complaints ( labor, economic crime, electronic crime)",Thanks to the United Arab Emirates,Happy,5
1481,02/02/2024,night work permit,Fast Service always,Happy,5
1482,02/02/2024,Traffic Accident Report - Unkown Party,All Round Except Service,Happy,3
1483,02/02/2024,night work permit,Good,Happy,4
1484,02/02/2024,Police Clearance Certificate,Vry Good,Happy,4
1485,02/02/2024,night work permit,Good,Happy,4
1486,02/02/2024,Police Clearance Certificate,Easy and Fast- Very Good,Happy,5
1487,02/02/2024,Police Clearance Certificate,Vry Quick and User Friendly Experience,Happy,5
1488,02/02/2024,Police Clearance Certificate,Thanks,Neutral,5
1489,02/02/2024,Police Clearance Certificate,Christtu states,Happy,5
1490,02/02/2024,Police Clearance Certificate,Thanks Alot for SAVING TIME,Happy,5
1491,02/02/2024,night work permit,Good One,Happy,4
1492,02/02/2024,Police Clearance Certificate,Thanks,Neutral,5
1493,02/02/2024,Police Clearance Certificate,Great Thanks,Happy,5
1494,02/02/2024,Police Clearance Certificate,"HAD TO TY 3 Times Bufferring Too Much",Unhappy,2
1495,02/02/2024,Traffic Accident Report - Unkown Party,"Fantastic Service! Straightforward and Simple,",Happy,5
1496,02/02/2024,Police Clearance Certificate,Thanks Really Apprecital,Happy,5
1497,02/02/2024,detainee visit request,Vry Good,Happy,4
1498,02/02/2024,Police Clearance Certificate,I am Happy With Online Service.,Happy,5
1499,02/02/2024,Police Clearance Certificate,Thank you so much!,Happy,5
1500,02/02/2024,Police Clearance Certificate,Please Give Me PCC,Happy,1
1501,02/02/2024,Police Clearance Certificate,Thank you,Happy,5
1502,02/02/2024,Police Clearance Certificate,Too Much Charges for Overseas,Neutral,2
1503,02/02/2024,Police Clearance Certificate,Too Much Charges,Neutral,2
1504,02/02/2024,Police Clearance Certificate,"Think You, please do my pcc as soon as posible. ))",Happy,5
1505,02/02/2024,Police Clearance Certificate,Good Service and Easy to Access,Happy,4
1506,02/02/2024,Police Clearance Certificate,Thanks for this easy online service,Happy,5
1507,02/02/2024,night work permit,Thanx,Happy,3
1508,02/02/2024,Police Clearance Certificate,Nice,Happy,4
1509,02/02/2024,Police Clearance Certificate,Good Service,Happy,4
1510,01/02/2024,Police Clearance Certificate,Great,Happy,5
1511,01/02/2024,night work permit,Amazing App Vry Easy to Use,Happy,5
1512,01/02/2024,Police Clearance Certificate,Vry Happy,Happy,5
1513,01/02/2024,night work permit,Very Fast,Happy,2
1514,01/02/2024,Police Clearance Certificate,Thank you so much for the service,Happy,5
1515,01/02/2024,Police Clearance Certificate,Happy,Happy,5
1516,01/02/2024,Police Clearance Certificate,Convinient and easy to use,Happy,5
1517,01/02/2024,Police Clearance Certificate,Happy,Happy,5
1518,01/02/2024,Police Clearance Certificate,I will like few texts (,Happy,2
1519,01/02/2024,Police Clearance Certificate,Thank you for the good service,Happy,5
1520,01/02/2024,Police Clearance Certificate,Good,Neutral,4
1521,01/02/2024,Police Clearance Certificate,"About Sectors, Who S Applying and Sector Names Or Something! Coz I Was Kind of Confused on What to Coose Singe I didn t Fall undider any Secrets Provid in the List. Thanks!",Neutral,3
1522,01/02/2024,Police Clearance Certificate,.,Happy,3
1523,01/02/2024,night work permit,Thank you!,Happy,5
1524,01/02/2024,Request for payment by instalment method of the amount of traffic violations,I M Very Happy,Happy,5
1525,01/02/2024,Police Clearance Certificate,"Fantastic Service. It is really steps ahead of the service in the region. Thanks",Happy,5
1526,01/02/2024,Police Clearance Certificate,Excellent,Happy,5
1527,01/02/2024,Police Clearance Certificate,Thanks,Happy,5
1528,01/02/2024,Traffic clearance certificate,Foreign Numbers ARNT Accepted,Neutral,1
1529,01/02/2024,Police Clearance Certificate,Good,Happy,4
1530,01/02/2024,Police Clearance Certificate,D,Happy,3
1531,01/02/2024,Police Clearance Certificate,Happy,Happy,5
1532,01/02/2024,Police Clearance Certificate,Verry Good and Professional,Happy,4
1533,01/02/2024,Police Clearance Certificate,We Need IMMIDITELY,Neutral,3
1534,01/02/2024,Traffic Accident Report-  without Injuries,Love you,Happy,5
1535,01/02/2024,Traffic Accident Report - Unkown Party,Thank you all,Happy,5
1536,01/02/2024,Certificate of Loss,Good Service,Happy,4
1537,01/02/2024,Police Clearance Certificate,Thank you,Happy,5
1538,01/02/2024,Police Clearance Certificate,Good,Happy,4
1539,01/02/2024,Police Clearance Certificate,Vry Good,Happy,4
1540,01/02/2024,Police Clearance Certificate,It would be much beett is we cound be notified on How many days it takes to get the center.,Happy,3
1541,01/02/2024,Police Clearance Certificate,Good,Happy,4
1542,01/02/2024,Police Clearance Certificate,smile,Happy,5
1543,01/02/2024,Police Clearance Certificate,Good,Happy,4
1544,01/02/2024,Bounced Cheque Report,"Easy to Access and Convenience. Thank you!",Happy,5
1545,01/02/2024,Police Clearance Certificate,Easy to us,Happy,5
1546,01/02/2024,Police Clearance Certificate,Good,Happy,4
1547,01/02/2024,night work permit,Best of the Best Service,Happy,5
1548,01/02/2024,night work permit,Otp is not recepted. After sedition time i received otp,Unhappy,1
1549,01/02/2024,Police Clearance Certificate,Thank you,Happy,5
1550,01/02/2024,Traffic Accident Report-  without Injuries,Thaanka,Happy,3
1551,01/02/2024,Police Clearance Certificate,Easy-to-ph,Happy,5
1552,01/02/2024,night work permit,Happy,Happy,5
1553,01/02/2024,Police Clearance Certificate,Thanks,Happy,5
1554,01/02/2024,Police Clearance Certificate,Service is Good & Very Swift,Happy,5
1555,01/02/2024,Police Clearance Certificate,Thank you for the Fast Responce,Happy,5
1556,01/02/2024,Police Clearance Certificate,Thank you so much Have a nice day sir maam,Happy,5
1557,01/02/2024,Police Clearance Certificate,smile,Happy,5
1558,01/02/2024,Police Clearance Certificate,Thanks,Neutral,5
1559,01/02/2024,Request for payment by instalment method of the amount of traffic violations,Happy Service,Happy,5
1560,01/02/2024,Certificate of Loss,Good,Happy,4
1561,01/02/2024,Police Clearance Certificate,Good Services,Happy,4
1562,01/02/2024,Police Clearance Certificate,Thanks for everything,Happy,5
1563,01/02/2024,Police Clearance Certificate,Great,Happy,5
1564,01/02/2024,Police Clearance Certificate,G,Happy,5
1565,01/02/2024,Police Clearance Certificate,nice,Happy,4
1566,01/02/2024,Police Clearance Certificate,R,Happy,5
1567,01/02/2024,night work permit,I card pay,Unhappy,5
1568,01/02/2024,Police Clearance Certificate,All good,Happy,5
1569,01/02/2024,Traffic Accident Report-  without Injuries,Thanks,Neutral,5
1570,01/02/2024,Police Clearance Certificate,Easy Operations and Navigation of Site.,Happy,5
1571,01/02/2024,Certificate of Loss,Clarity on Certificate,Neutral,4
1572,01/02/2024,Police Clearance Certificate,"Great If Receied IMMEDIOTELY, Thank You",Happy,5
1573,01/02/2024,Traffic Accident Report-  without Injuries,Ok,Happy,3
1574,01/02/2024,Certificate of Loss,Thank you,Happy,5
1575,01/02/2024,Traffic clearance certificate,Good Service,Happy,4
1576,01/02/2024,Police Clearance Certificate,Great Service,Happy,5
1577,01/02/2024,Traffic Accident Report - Unkown Party,3 Cars Account back to back,Happy,1
1578,01/02/2024,Police Clearance Certificate,"Easy and Fast Service from Dubai Police Thank you",Happy,5
1579,01/02/2024,Police Clearance Certificate,Good Service,Happy,4
1580,01/02/2024,Police Clearance Certificate,It s eary to use,Happy,3
1581,01/02/2024,Police Clearance Certificate,Speedy Response for Inquiry from the Team,Happy,4
1582,01/02/2024,Police Clearance Certificate,Vry Professional & Smooth Services,Happy,5
1583,01/02/2024,night work permit,I haad to do relat the steps many times due to technical issue with the web page !!,Unhappy,2
1584,01/02/2024,Police Clearance Certificate,All good,Happy,5
1585,31/01/2024,Police Clearance Certificate,Good and Easy,Happy,5
1586,31/01/2024,Certificate of Loss,Not Clear Communication on Certificate Issuance.,Neutral,1
1587,31/01/2024,Police Clearance Certificate,Amazing Dubai),Happy,5
1588,31/01/2024,"Submit complaints ( labor, economic crime, electronic crime)","Thank you and thank you for the UAE government, government and people, may God grant you success",Happy,5
1589,31/01/2024,Request for payment by instalment method of the amount of traffic violations,Your light is to provide for the purpose of the violations of the violations,Happy,4
1590,31/01/2024,Police Clearance Certificate,Easy Transaction,Happy,5
1591,31/01/2024,Police Clearance Certificate,There is a search option not just droP download,Happy,4
1592,31/01/2024,Traffic Accident Report-  without Injuries,Thank you very much,Happy,5
1593,31/01/2024,Police Clearance Certificate,na,Happy,3
1594,31/01/2024,Traffic Accident Report - Unkown Party,nice,Happy,4
1595,31/01/2024,Police Clearance Certificate,Good,Happy,4
1596,31/01/2024,Certificate of Loss,Easy Access,Happy,5
1597,31/01/2024,Certificate of Loss,Vry Good,Happy,4
1598,31/01/2024,detainee visit request,Thank you all,Happy,5
1599,31/01/2024,Certificate of Loss,Vry good.,Happy,4
1600,31/01/2024,Police Clearance Certificate,Good,Happy,4
1601,31/01/2024,Police Clearance Certificate,"Good work Good BLESS You Thank you",Happy,5
1602,31/01/2024,Certificate of Loss,Vry good.,Happy,4
1603,31/01/2024,Police Clearance Certificate,Happy,Neutral,5
1604,31/01/2024,Certificate of Loss,"List of ITEms Lost Cououl Have Been Discounted During Payment Process. Still Remain The Best",Happy,4
1605,31/01/2024,night work permit,It is find but a little bit lag in insisting eid of sub-colon. Thank you,Unhappy,3
1606,31/01/2024,Certificate of Loss,Thank you,Happy,5
1607,31/01/2024,Police Clearance Certificate,Good,Happy,4
1608,31/01/2024,Police Clearance Certificate,Happy to use your service,Happy,5
1609,31/01/2024,Traffic Accident Report - Unkown Party,Perfect,Happy,5
1610,31/01/2024,Police Clearance Certificate,Excellent and Professional Services,Happy,5
1611,31/01/2024,Police Clearance Certificate,Good,Happy,4
1612,31/01/2024,night work permit,Excellent Service,Happy,5
1613,31/01/2024,Police Clearance Certificate,Good Service,Happy,4
1614,31/01/2024,Police Clearance Certificate,Hood,Happy,5
1615,31/01/2024,night work permit,Thanks,Happy,5
1616,31/01/2024,Police Clearance Certificate,It was easy to use,Happy,4
1617,31/01/2024,Police Clearance Certificate,Online Processing Was Vry Easy and Fast,Happy,5
1618,31/01/2024,Police Clearance Certificate,Payment Not Confirm,Unhappy,1
1619,31/01/2024,Police Clearance Certificate,Nil,Happy,1
1620,31/01/2024,night work permit,Fast and Easy Access,Happy,5
1621,31/01/2024,Police Clearance Certificate,No Comment,Happy,1
1622,31/01/2024,Police Clearance Certificate,Conveniently Online Transaction. Thank you,Happy,5
1623,31/01/2024,Police Clearance Certificate,Thannk U,Happy,1
1624,31/01/2024,Police Clearance Certificate,Good Service,Happy,4
1625,31/01/2024,Police Clearance Certificate,Verry everyy and verbal platform,Happy,5
1626,31/01/2024,Police Clearance Certificate,Excellent,Happy,5
1627,31/01/2024,Police Clearance Certificate,JB,Happy,3
1628,31/01/2024,night work permit,Nice services,Happy,4
1629,31/01/2024,night work permit,Execllen,Happy,5
1630,31/01/2024,Traffic Accident Report-  without Injuries,Easy to use,Happy,5
1631,31/01/2024,Police Clearance Certificate,All is good,Happy,5
1632,31/01/2024,Police Clearance Certificate,Thank you,Happy,5
1633,31/01/2024,Traffic Accident Report-  without Injuries,Good,Happy,4
1634,31/01/2024,Police Clearance Certificate,Thank for the Quick Service.,Happy,5
1635,31/01/2024,Police Clearance Certificate,Nothing Else to say Excel The Service is the Best I have ever used,Happy,5
1636,31/01/2024,Certificate of To Whom It May Concern,Its really convention to use the Online Applications,Happy,4
1637,31/01/2024,Police Clearance Certificate,Thank you very much. I applying but I Don T Get the Confirmation. I Don T Known What is the Problem.,Unhappy,3
1638,31/01/2024,Certificate of Loss,None,Happy,1
1639,31/01/2024,night work permit,Perfect Website),Happy,5
1640,31/01/2024,Police Clearance Certificate,PLS We Need Urgently Certificate,Neutral,5
1641,31/01/2024,Certificate of Loss,Thank you for everything,Happy,5
1642,31/01/2024,Police Clearance Certificate,Verry Well,Happy,4
1643,31/01/2024,Traffic clearance certificate,Bitter,Happy,5
1644,31/01/2024,Police Clearance Certificate,All good,Happy,5
1645,31/01/2024,night work permit,Good Services,Happy,4
1646,31/01/2024,Police Clearance Certificate,Happy,Happy,5
1647,31/01/2024,Certificate of Loss,Thank you very much,Happy,5
1648,31/01/2024,Police Clearance Certificate,Thank you very much for the good service.,Happy,5
1649,31/01/2024,Police Clearance Certificate,Wrong Mobile Number Saved in my eid,Unhappy,1
1650,31/01/2024,Police Clearance Certificate,Thank you very much for a Quick service. Allah BLESS You All.,Happy,5
1651,31/01/2024,Certificate of Loss,Fabulous,Happy,5
1652,31/01/2024,Traffic Accident Report - Unkown Party,Easy Access,Happy,5
1653,31/01/2024,Police Clearance Certificate,Too Expective,Neutral,2
1654,31/01/2024,Police Clearance Certificate,Thanks,Happy,5
1655,31/01/2024,Police Clearance Certificate,Payment Cannot Go Throw,Unhappy,1
1656,31/01/2024,Police Clearance Certificate,Vry Good,Happy,4
1657,31/01/2024,Police Clearance Certificate,Dubai is the Best Place Allah Made for People to Live. Allah BLESS DUBAI Goovernment and Dubai Police. MASHA Alllah,Happy,5
1658,31/01/2024,Police Clearance Certificate,Amazing Dubai Police,Happy,5
1659,31/01/2024,Police Clearance Certificate,Easy Access,Happy,5
1660,31/01/2024,Police Clearance Certificate,Professional,Happy,5
1661,31/01/2024,Police Clearance Certificate,"Thank you for the speed of providing the transaction, distinguished from other websites of any other government agency, so thank you very much",Happy,5
1662,31/01/2024,Police Clearance Certificate,Payment Did Not Go Throw,Unhappy,1
1663,31/01/2024,Police Clearance Certificate,Happy,Happy,5
1664,31/01/2024,Police Clearance Certificate,Good Service,Happy,4
1665,31/01/2024,night work permit,Great Upgrade and Capacity for Uploading The Files Needed. Kudos,Happy,5